alpha;avrg_machines_travel_time_no_vehicle;avrg_machines_travel_time_only_with_vehicle;avrg_machines_travel_time_with_vehicle;avrg_vehicles_waiting_time_for_a_machine_travel;avrg_vehicles_waiting_time_for_a_service;countImprovements;csvfilename;cutoff;cutoffmachs;depot_begin;depot_end;elevator;epsilon;epsilonCap;feasible;first_delivery;first_pickup;fullname;genconfigfile;genconfigfilename;grbFilename;greedy_service_order;group;gurobiCuts;infeasibleSol;initial_station;instPath;iteration;iterationToBest;largestUpdateOffset;lastSGreedySolValue;last_delivery;last_pickup;lmnsAcceptanceCriteria;lmnsGapToBiggerDestruction;lmnsGapToSmallerDestruction;lmnsMIPFocus;lmnsMetropolisTemp;lmnsRepairTime;lmnsReqRApplyMIPStart;lmnsSimulatedAnnealingCool;lmnsSimulatedAnnealingTemp;lmnsWeightShawDemandSim;lmnsWeightShawDistProx;lmnsWeightShawEarlProx;lmnsWeightShawSameRoute;lmnsa;lmnsr;lpImpr;lpRuns;make_instance_feasible;max_Q;max_completion_time;max_d;max_max_load_all_vehicles;max_q;max_s;maxiter;maxnodes;maxtime;meanLPImprPercentage;mean_completion_time;mean_max_load_all_vehicles;methodCode;methodType;min_completion_time;min_max_load_all_vehicles;mipPresolve;mipmaxtime;mslpa;mslpr;n;n_machines_used;n_vehicles_used;name;num_machs;output;outputFlagGrbLMNS;outputFlagGrbMIP;outputFlagGrbMSLP;percentageInfeasibleSol;percentageLPImpr;printsol;seed;solfilename;solver;solverMethod;startTime;suff_csv;suff_outputs;sumLPImprPercentage;threads;timeToBest;timelineFilename;totalTimeElapsed;type;typeUserCut;value;warmStart
0.1;0.0;0.12;0.12;0.0;0.0;3;/dados/rmelo/PDPTW-SE/benchmark_multi_island_v5/official_experiments/multistartlp/preliminar/set_01_pt_04r02/logs/heur_mslp/outputs/csvresults_heur_mslp_bash_2_rb.csv;0;3;1;18;0;0.0;0.5;true;10;2;lr109_t1_08R_08V_02I_03M;/dados/rmelo/PDPTW-SE/benchmark_multi_island_v5/official_experiments/multistartlp/preliminar/set_01_pt_04r02/configs/genconfig_mslp.conf;genconfig_mslp;/dados/rmelo/PDPTW-SE/benchmark_multi_island_v5/official_experiments/multistartlp/preliminar/set_01_pt_04r02/logs/heur_mslp/gurobi/08R_08V_02I_03M/lr109_grb_genconfig_mslp_seed_150_alpha_10p.log;random;08R_08V_02I_03M;1;0;1;/dados/rmelo/PDPTW-SE/benchmark_multi_island_v5/official_experiments/multistartlp/preliminar/set_01_pt_04r02/../../../../instances/orig_ams_fg/08R_08V_02I_04M/t1/lr109/;60000;27;0;566.55;17;9;H;50;95;0;100.0;30.0;true;0.95;100.0;1.0;1.0;1.0;1.0;60;M;60000;60000;false;52;0.91;79.5;0.6;26;10;1000000;-1;3600;8.76;0.77;0.48;mslp;heur;0.59;0.23;-1;3600;60000;I;8;0.67;0.38;lr109;0;/dados/rmelo/PDPTW-SE/benchmark_multi_island_v5/official_experiments/multistartlp/preliminar/set_01_pt_04r02/logs;0;0;0;0.0;100.0;1;150;/dados/rmelo/PDPTW-SE/benchmark_multi_island_v5/official_experiments/multistartlp/preliminar/set_01_pt_04r02/logs/heur_mslp/solutions/08R_08V_02I_03M/lr109_sol_genconfig_mslp_seed_150_alpha_10p.txt;Gurobi;AUTOMATIC;17.37;_bash_2_rb;_seed_150_alpha_10p;5257.17;1;0.33;/dados/rmelo/PDPTW-SE/benchmark_multi_island_v5/official_experiments/multistartlp/preliminar/set_01_pt_04r02/logs/heur_mslp/timelines/08R_08V_02I_03M/lr109_timeline_genconfig_mslp_seed_150_alpha_10p.txt;105.71;t1;0;533.17;false
0.1;0.0;0.03;0.03;0.0;0.0;17;/dados/rmelo/PDPTW-SE/benchmark_multi_island_v5/official_experiments/multistartlp/preliminar/set_01_pt_04r02/logs/heur_mslp/outputs/csvresults_heur_mslp_bash_2_rb.csv;0;3;1;18;0;0.0;0.5;true;10;2;lr209_t2_08R_08V_02I_03M;/dados/rmelo/PDPTW-SE/benchmark_multi_island_v5/official_experiments/multistartlp/preliminar/set_01_pt_04r02/configs/genconfig_mslp.conf;genconfig_mslp;/dados/rmelo/PDPTW-SE/benchmark_multi_island_v5/official_experiments/multistartlp/preliminar/set_01_pt_04r02/logs/heur_mslp/gurobi/08R_08V_02I_03M/lr209_grb_genconfig_mslp_seed_150_alpha_10p.log;random;08R_08V_02I_03M;1;0;1;/dados/rmelo/PDPTW-SE/benchmark_multi_island_v5/official_experiments/multistartlp/preliminar/set_01_pt_04r02/../../../../instances/orig_ams_fg/08R_08V_02I_04M/t2/lr209/;60000;40959;0;768.28;17;9;H;50;95;0;100.0;30.0;true;0.95;100.0;1.0;1.0;1.0;1.0;60;M;58777;60000;false;46;0.57;79.13;0.82;23;10;1000000;-1;3600;20.59;0.57;0.82;mslp;heur;0.57;0.82;-1;3600;60000;I;8;0.67;0.12;lr209;0;/dados/rmelo/PDPTW-SE/benchmark_multi_island_v5/official_experiments/multistartlp/preliminar/set_01_pt_04r02/logs;0;0;0;0.0;97.96;1;150;/dados/rmelo/PDPTW-SE/benchmark_multi_island_v5/official_experiments/multistartlp/preliminar/set_01_pt_04r02/logs/heur_mslp/solutions/08R_08V_02I_03M/lr209_sol_genconfig_mslp_seed_150_alpha_10p.txt;Gurobi;AUTOMATIC;20.82;_bash_2_rb;_seed_150_alpha_10p;12353.36;1;98.86;/dados/rmelo/PDPTW-SE/benchmark_multi_island_v5/official_experiments/multistartlp/preliminar/set_01_pt_04r02/logs/heur_mslp/timelines/08R_08V_02I_03M/lr209_timeline_genconfig_mslp_seed_150_alpha_10p.txt;145.35;t2;0;565.91;false
0.1;0.1;0.28;0.38;0.0;0.0;8;/dados/rmelo/PDPTW-SE/benchmark_multi_island_v5/official_experiments/multistartlp/preliminar/set_01_pt_04r02/logs/heur_mslp/outputs/csvresults_heur_mslp_bash_2_rb.csv;0;3;1;18;0;0.0;0.5;true;10;2;lr110_t1_08R_08V_04I_03M;/dados/rmelo/PDPTW-SE/benchmark_multi_island_v5/official_experiments/multistartlp/preliminar/set_01_pt_04r02/configs/genconfig_mslp.conf;genconfig_mslp;/dados/rmelo/PDPTW-SE/benchmark_multi_island_v5/official_experiments/multistartlp/preliminar/set_01_pt_04r02/logs/heur_mslp/gurobi/08R_08V_04I_03M/lr110_grb_genconfig_mslp_seed_150_alpha_10p.log;random;08R_08V_04I_03M;1;24629;1;/dados/rmelo/PDPTW-SE/benchmark_multi_island_v5/official_experiments/multistartlp/preliminar/set_01_pt_04r02/../../../../instances/orig_ams_fg/08R_08V_04I_04M/t1/lr110/;60000;943;0;795.42;17;9;H;50;95;0;100.0;30.0;true;0.95;100.0;1.0;1.0;1.0;1.0;60;M;35371;35371;false;52;0.89;73.43;0.84;26;10;1000000;-1;3600;11.71;0.58;0.48;mslp;heur;0.35;0.15;-1;3600;60000;I;8;1.0;0.62;lr110;0;/dados/rmelo/PDPTW-SE/benchmark_multi_island_v5/official_experiments/multistartlp/preliminar/set_01_pt_04r02/logs;0;0;0;41.05;100.0;1;150;/dados/rmelo/PDPTW-SE/benchmark_multi_island_v5/official_experiments/multistartlp/preliminar/set_01_pt_04r02/logs/heur_mslp/solutions/08R_08V_04I_03M/lr110_sol_genconfig_mslp_seed_150_alpha_10p.txt;Gurobi;AUTOMATIC;21.62;_bash_2_rb;_seed_150_alpha_10p;4140.62;1;1.86;/dados/rmelo/PDPTW-SE/benchmark_multi_island_v5/official_experiments/multistartlp/preliminar/set_01_pt_04r02/logs/heur_mslp/timelines/08R_08V_04I_03M/lr110_timeline_genconfig_mslp_seed_150_alpha_10p.txt;94.3;t1;0;672.2;false
0.1;0.01;0.05;0.07;0.0;0.0;15;/dados/rmelo/PDPTW-SE/benchmark_multi_island_v5/official_experiments/multistartlp/preliminar/set_01_pt_04r02/logs/heur_mslp/outputs/csvresults_heur_mslp_bash_2_rb.csv;0;3;1;18;0;0.0;0.5;true;10;2;lr209_t2_08R_08V_04I_03M;/dados/rmelo/PDPTW-SE/benchmark_multi_island_v5/official_experiments/multistartlp/preliminar/set_01_pt_04r02/configs/genconfig_mslp.conf;genconfig_mslp;/dados/rmelo/PDPTW-SE/benchmark_multi_island_v5/official_experiments/multistartlp/preliminar/set_01_pt_04r02/logs/heur_mslp/gurobi/08R_08V_04I_03M/lr209_grb_genconfig_mslp_seed_150_alpha_10p.log;random;08R_08V_04I_03M;1;0;1;/dados/rmelo/PDPTW-SE/benchmark_multi_island_v5/official_experiments/multistartlp/preliminar/set_01_pt_04r02/../../../../instances/orig_ams_fg/08R_08V_04I_04M/t2/lr209/;60000;6645;0;793.86;17;9;H;50;95;0;100.0;30.0;true;0.95;100.0;1.0;1.0;1.0;1.0;60;M;59466;60000;false;46;0.56;81.38;0.93;23;10;1000000;-1;3600;21.67;0.31;0.85;mslp;heur;0.07;0.77;-1;3600;60000;I;8;1.0;0.25;lr209;0;/dados/rmelo/PDPTW-SE/benchmark_multi_island_v5/official_experiments/multistartlp/preliminar/set_01_pt_04r02/logs;0;0;0;0.0;99.11;1;150;/dados/rmelo/PDPTW-SE/benchmark_multi_island_v5/official_experiments/multistartlp/preliminar/set_01_pt_04r02/logs/heur_mslp/solutions/08R_08V_04I_03M/lr209_sol_genconfig_mslp_seed_150_alpha_10p.txt;Gurobi;AUTOMATIC;21.5;_bash_2_rb;_seed_150_alpha_10p;13001.09;1;23.21;/dados/rmelo/PDPTW-SE/benchmark_multi_island_v5/official_experiments/multistartlp/preliminar/set_01_pt_04r02/logs/heur_mslp/timelines/08R_08V_04I_03M/lr209_timeline_genconfig_mslp_seed_150_alpha_10p.txt;206.29;t2;0;626.42;false
0.1;0.0;0.07;0.07;0.0;0.0;11;/dados/rmelo/PDPTW-SE/benchmark_multi_island_v5/official_experiments/multistartlp/preliminar/set_01_pt_04r02/logs/heur_mslp/outputs/csvresults_heur_mslp_bash_2_rb.csv;0;3;1;26;0;0.0;0.5;true;14;2;lr109_t1_12R_12V_02I_03M;/dados/rmelo/PDPTW-SE/benchmark_multi_island_v5/official_experiments/multistartlp/preliminar/set_01_pt_04r02/configs/genconfig_mslp.conf;genconfig_mslp;/dados/rmelo/PDPTW-SE/benchmark_multi_island_v5/official_experiments/multistartlp/preliminar/set_01_pt_04r02/logs/heur_mslp/gurobi/12R_12V_02I_03M/lr109_grb_genconfig_mslp_seed_150_alpha_10p.log;random;12R_12V_02I_03M;1;0;1;/dados/rmelo/PDPTW-SE/benchmark_multi_island_v5/official_experiments/multistartlp/preliminar/set_01_pt_04r02/../../../../instances/orig_ams_fg/12R_12V_02I_04M/t1/lr109/;60000;5182;0;912.24;25;13;H;50;95;0;100.0;30.0;true;0.95;100.0;1.0;1.0;1.0;1.0;60;M;60000;60000;false;58;0.83;96.56;0.92;29;10;1000000;-1;3600;8.18;0.79;0.66;mslp;heur;0.73;0.21;-1;3600;60000;I;12;0.67;0.33;lr109;0;/dados/rmelo/PDPTW-SE/benchmark_multi_island_v5/official_experiments/multistartlp/preliminar/set_01_pt_04r02/logs;0;0;0;0.0;100.0;1;150;/dados/rmelo/PDPTW-SE/benchmark_multi_island_v5/official_experiments/multistartlp/preliminar/set_01_pt_04r02/logs/heur_mslp/solutions/12R_12V_02I_03M/lr109_sol_genconfig_mslp_seed_150_alpha_10p.txt;Gurobi;AUTOMATIC;21.78;_bash_2_rb;_seed_150_alpha_10p;4909.68;1;14.04;/dados/rmelo/PDPTW-SE/benchmark_multi_island_v5/official_experiments/multistartlp/preliminar/set_01_pt_04r02/logs/heur_mslp/timelines/12R_12V_02I_03M/lr109_timeline_genconfig_mslp_seed_150_alpha_10p.txt;160.5;t1;0;722.63;false
0.1;0.0;0.01;0.02;0.0;0.0;8;/dados/rmelo/PDPTW-SE/benchmark_multi_island_v5/official_experiments/multistartlp/preliminar/set_01_pt_04r02/logs/heur_mslp/outputs/csvresults_heur_mslp_bash_2_rb.csv;0;3;1;26;0;0.0;0.5;true;14;2;lr208_t2_12R_12V_02I_03M;/dados/rmelo/PDPTW-SE/benchmark_multi_island_v5/official_experiments/multistartlp/preliminar/set_01_pt_04r02/configs/genconfig_mslp.conf;genconfig_mslp;/dados/rmelo/PDPTW-SE/benchmark_multi_island_v5/official_experiments/multistartlp/preliminar/set_01_pt_04r02/logs/heur_mslp/gurobi/12R_12V_02I_03M/lr208_grb_genconfig_mslp_seed_150_alpha_10p.log;random;12R_12V_02I_03M;1;0;1;/dados/rmelo/PDPTW-SE/benchmark_multi_island_v5/official_experiments/multistartlp/preliminar/set_01_pt_04r02/../../../../instances/orig_ams_fg/12R_12V_02I_04M/t2/lr208/;60000;4541;0;1062.67;25;13;H;50;95;0;100.0;30.0;true;0.95;100.0;1.0;1.0;1.0;1.0;60;M;50250;60000;false;58;0.77;114.02;1.0;29;10;1000000;-1;3600;5.85;0.77;1.0;mslp;heur;0.77;1.0;-1;3600;60000;I;12;1.0;0.08;lr208;0;/dados/rmelo/PDPTW-SE/benchmark_multi_island_v5/official_experiments/multistartlp/preliminar/set_01_pt_04r02/logs;0;0;0;0.0;83.75;1;150;/dados/rmelo/PDPTW-SE/benchmark_multi_island_v5/official_experiments/multistartlp/preliminar/set_01_pt_04r02/logs/heur_mslp/solutions/12R_12V_02I_03M/lr208_sol_genconfig_mslp_seed_150_alpha_10p.txt;Gurobi;AUTOMATIC;21.67;_bash_2_rb;_seed_150_alpha_10p;3512.13;1;24.16;/dados/rmelo/PDPTW-SE/benchmark_multi_island_v5/official_experiments/multistartlp/preliminar/set_01_pt_04r02/logs/heur_mslp/timelines/12R_12V_02I_03M/lr208_timeline_genconfig_mslp_seed_150_alpha_10p.txt;316.14;t2;0;768.46;false
0.1;0.14;0.26;0.4;0.0;0.0;9;/dados/rmelo/PDPTW-SE/benchmark_multi_island_v5/official_experiments/multistartlp/preliminar/set_01_pt_04r02/logs/heur_mslp/outputs/csvresults_heur_mslp_bash_2_rb.csv;0;3;1;26;0;0.0;0.5;true;14;2;lr110_t1_12R_12V_04I_03M;/dados/rmelo/PDPTW-SE/benchmark_multi_island_v5/official_experiments/multistartlp/preliminar/set_01_pt_04r02/configs/genconfig_mslp.conf;genconfig_mslp;/dados/rmelo/PDPTW-SE/benchmark_multi_island_v5/official_experiments/multistartlp/preliminar/set_01_pt_04r02/logs/heur_mslp/gurobi/12R_12V_04I_03M/lr110_grb_genconfig_mslp_seed_150_alpha_10p.log;random;12R_12V_04I_03M;1;12836;1;/dados/rmelo/PDPTW-SE/benchmark_multi_island_v5/official_experiments/multistartlp/preliminar/set_01_pt_04r02/../../../../instances/orig_ams_fg/12R_12V_04I_04M/t1/lr110/;60000;2496;0;1013.3;25;13;H;50;95;0;100.0;30.0;true;0.95;100.0;1.0;1.0;1.0;1.0;60;M;47164;47164;false;52;0.72;75.02;0.85;26;10;1000000;-1;3600;13.44;0.57;0.43;mslp;heur;0.37;0.1;-1;3600;60000;I;12;1.0;0.5;lr110;0;/dados/rmelo/PDPTW-SE/benchmark_multi_island_v5/official_experiments/multistartlp/preliminar/set_01_pt_04r02/logs;0;0;0;21.39;100.0;1;150;/dados/rmelo/PDPTW-SE/benchmark_multi_island_v5/official_experiments/multistartlp/preliminar/set_01_pt_04r02/logs/heur_mslp/solutions/12R_12V_04I_03M/lr110_sol_genconfig_mslp_seed_150_alpha_10p.txt;Gurobi;AUTOMATIC;21.47;_bash_2_rb;_seed_150_alpha_10p;6339.08;1;7.13;/dados/rmelo/PDPTW-SE/benchmark_multi_island_v5/official_experiments/multistartlp/preliminar/set_01_pt_04r02/logs/heur_mslp/timelines/12R_12V_04I_03M/lr110_timeline_genconfig_mslp_seed_150_alpha_10p.txt;159.71;t1;0;786.88;false
0.1;0.03;0.06;0.09;0.0;0.0;9;/dados/rmelo/PDPTW-SE/benchmark_multi_island_v5/official_experiments/multistartlp/preliminar/set_01_pt_04r02/logs/heur_mslp/outputs/csvresults_heur_mslp_bash_2_rb.csv;0;3;1;26;0;0.0;0.5;true;14;2;lr207_t2_12R_12V_04I_03M;/dados/rmelo/PDPTW-SE/benchmark_multi_island_v5/official_experiments/multistartlp/preliminar/set_01_pt_04r02/configs/genconfig_mslp.conf;genconfig_mslp;/dados/rmelo/PDPTW-SE/benchmark_multi_island_v5/official_experiments/multistartlp/preliminar/set_01_pt_04r02/logs/heur_mslp/gurobi/12R_12V_04I_03M/lr207_grb_genconfig_mslp_seed_150_alpha_10p.log;random;12R_12V_04I_03M;1;0;1;/dados/rmelo/PDPTW-SE/benchmark_multi_island_v5/official_experiments/multistartlp/preliminar/set_01_pt_04r02/../../../../instances/orig_ams_fg/12R_12V_04I_04M/t2/lr207/;60000;54320;0;1626.27;25;13;H;50;95;0;100.0;30.0;true;0.95;100.0;1.0;1.0;1.0;1.0;60;M;59949;60000;false;40;0.88;90.05;0.97;20;10;1000000;-1;3600;13.84;0.88;0.97;mslp;heur;0.88;0.97;-1;3600;60000;I;12;1.0;0.08;lr207;0;/dados/rmelo/PDPTW-SE/benchmark_multi_island_v5/official_experiments/multistartlp/preliminar/set_01_pt_04r02/logs;0;0;0;0.0;99.92;1;150;/dados/rmelo/PDPTW-SE/benchmark_multi_island_v5/official_experiments/multistartlp/preliminar/set_01_pt_04r02/logs/heur_mslp/solutions/12R_12V_04I_03M/lr207_sol_genconfig_mslp_seed_150_alpha_10p.txt;Gurobi;AUTOMATIC;21.97;_bash_2_rb;_seed_150_alpha_10p;8304.15;1;345.82;/dados/rmelo/PDPTW-SE/benchmark_multi_island_v5/official_experiments/multistartlp/preliminar/set_01_pt_04r02/logs/heur_mslp/timelines/12R_12V_04I_03M/lr207_timeline_genconfig_mslp_seed_150_alpha_10p.txt;382.01;t2;0;877.32;false
0.1;0.06;0.11;0.16;0.0;0.04;1;/dados/rmelo/PDPTW-SE/benchmark_multi_island_v5/official_experiments/multistartlp/preliminar/set_01_pt_04r02/logs/heur_mslp/outputs/csvresults_heur_mslp_bash_2_rb.csv;0;5;1;82;0;0.0;0.5;true;42;2;LR1_2_6_t1_40R_40V_02I_05M;/dados/rmelo/PDPTW-SE/benchmark_multi_island_v5/official_experiments/multistartlp/preliminar/set_01_pt_04r02/configs/genconfig_mslp.conf;genconfig_mslp;/dados/rmelo/PDPTW-SE/benchmark_multi_island_v5/official_experiments/multistartlp/preliminar/set_01_pt_04r02/logs/heur_mslp/gurobi/40R_40V_02I_05M/LR1_2_6_grb_genconfig_mslp_seed_150_alpha_10p.log;random;40R_40V_02I_05M;1;59998;1;/dados/rmelo/PDPTW-SE/benchmark_multi_island_v5/official_experiments/multistartlp/preliminar/set_01_pt_04r02/../../../../instances/orig_ams_fg/40R_40V_02I_06M/t1/LR1_2_6/;60000;1;0;6872.69;81;41;H;50;95;0;100.0;30.0;true;0.95;100.0;1.0;1.0;1.0;1.0;60;M;2;2;false;72;0.93;213.59;1.0;36;10;1000000;-1;3600;5.02;0.68;0.58;mslp;heur;0.3;0.12;-1;3600;60000;I;40;1.0;0.35;LR1_2_6;0;/dados/rmelo/PDPTW-SE/benchmark_multi_island_v5/official_experiments/multistartlp/preliminar/set_01_pt_04r02/logs;0;0;0;100.0;100.0;1;150;/dados/rmelo/PDPTW-SE/benchmark_multi_island_v5/official_experiments/multistartlp/preliminar/set_01_pt_04r02/logs/heur_mslp/solutions/40R_40V_02I_05M/LR1_2_6_sol_genconfig_mslp_seed_150_alpha_10p.txt;Gurobi;AUTOMATIC;22.25;_bash_2_rb;_seed_150_alpha_10p;0.1;1;0.02;/dados/rmelo/PDPTW-SE/benchmark_multi_island_v5/official_experiments/multistartlp/preliminar/set_01_pt_04r02/logs/heur_mslp/timelines/40R_40V_02I_05M/LR1_2_6_timeline_genconfig_mslp_seed_150_alpha_10p.txt;240.38;t1;0;6037.52;false
0.1;0.01;0.02;0.03;0.0;0.08;15;/dados/rmelo/PDPTW-SE/benchmark_multi_island_v5/official_experiments/multistartlp/preliminar/set_01_pt_04r02/logs/heur_mslp/outputs/csvresults_heur_mslp_bash_2_rb.csv;0;5;1;82;0;0.0;0.5;true;42;2;LR2_2_10_t2_40R_40V_02I_05M;/dados/rmelo/PDPTW-SE/benchmark_multi_island_v5/official_experiments/multistartlp/preliminar/set_01_pt_04r02/configs/genconfig_mslp.conf;genconfig_mslp;/dados/rmelo/PDPTW-SE/benchmark_multi_island_v5/official_experiments/multistartlp/preliminar/set_01_pt_04r02/logs/heur_mslp/gurobi/40R_40V_02I_05M/LR2_2_10_grb_genconfig_mslp_seed_150_alpha_10p.log;random;40R_40V_02I_05M;1;0;1;/dados/rmelo/PDPTW-SE/benchmark_multi_island_v5/official_experiments/multistartlp/preliminar/set_01_pt_04r02/../../../../instances/orig_ams_fg/40R_40V_02I_06M/t2/LR2_2_10/;60000;29537;0;10012.83;81;41;H;50;95;0;100.0;30.0;true;0.95;100.0;1.0;1.0;1.0;1.0;60;M;60000;60000;false;80;0.9;269.32;1.0;40;10;1000000;-1;3600;6.34;0.62;0.96;mslp;heur;0.32;0.88;-1;3600;60000;I;40;0.8;0.1;LR2_2_10;0;/dados/rmelo/PDPTW-SE/benchmark_multi_island_v5/official_experiments/multistartlp/preliminar/set_01_pt_04r02/logs;0;0;0;0.0;100.0;1;150;/dados/rmelo/PDPTW-SE/benchmark_multi_island_v5/official_experiments/multistartlp/preliminar/set_01_pt_04r02/logs/heur_mslp/solutions/40R_40V_02I_05M/LR2_2_10_sol_genconfig_mslp_seed_150_alpha_10p.txt;Gurobi;AUTOMATIC;22.8;_bash_2_rb;_seed_150_alpha_10p;3801.44;1;843.69;/dados/rmelo/PDPTW-SE/benchmark_multi_island_v5/official_experiments/multistartlp/preliminar/set_01_pt_04r02/logs/heur_mslp/timelines/40R_40V_02I_05M/LR2_2_10_timeline_genconfig_mslp_seed_150_alpha_10p.txt;1704.66;t2;0;6268.36;false
0.1;0.09;0.14;0.22;0.0;0.05;18;/dados/rmelo/PDPTW-SE/benchmark_multi_island_v5/official_experiments/multistartlp/preliminar/set_01_pt_04r02/logs/heur_mslp/outputs/csvresults_heur_mslp_bash_2_rb.csv;0;5;1;82;0;0.0;0.5;true;42;2;LR1_2_10_t1_40R_40V_04I_05M;/dados/rmelo/PDPTW-SE/benchmark_multi_island_v5/official_experiments/multistartlp/preliminar/set_01_pt_04r02/configs/genconfig_mslp.conf;genconfig_mslp;/dados/rmelo/PDPTW-SE/benchmark_multi_island_v5/official_experiments/multistartlp/preliminar/set_01_pt_04r02/logs/heur_mslp/gurobi/40R_40V_04I_05M/LR1_2_10_grb_genconfig_mslp_seed_150_alpha_10p.log;random;40R_40V_04I_05M;1;35972;1;/dados/rmelo/PDPTW-SE/benchmark_multi_island_v5/official_experiments/multistartlp/preliminar/set_01_pt_04r02/../../../../instances/orig_ams_fg/40R_40V_04I_06M/t1/LR1_2_10/;60000;40992;0;5257.83;81;41;H;50;95;0;100.0;30.0;true;0.95;100.0;1.0;1.0;1.0;1.0;60;M;24028;24028;false;72;0.91;175.77;0.97;36;10;1000000;-1;3600;7.18;0.65;0.74;mslp;heur;0.23;0.18;-1;3600;60000;I;40;1.0;0.25;LR1_2_10;0;/dados/rmelo/PDPTW-SE/benchmark_multi_island_v5/official_experiments/multistartlp/preliminar/set_01_pt_04r02/logs;0;0;0;59.95;100.0;1;150;/dados/rmelo/PDPTW-SE/benchmark_multi_island_v5/official_experiments/multistartlp/preliminar/set_01_pt_04r02/logs/heur_mslp/solutions/40R_40V_04I_05M/LR1_2_10_sol_genconfig_mslp_seed_150_alpha_10p.txt;Gurobi;AUTOMATIC;23.1;_bash_2_rb;_seed_150_alpha_10p;1725.21;1;618.42;/dados/rmelo/PDPTW-SE/benchmark_multi_island_v5/official_experiments/multistartlp/preliminar/set_01_pt_04r02/logs/heur_mslp/timelines/40R_40V_04I_05M/LR1_2_10_timeline_genconfig_mslp_seed_150_alpha_10p.txt;904.47;t1;0;4145.06;false
0.1;0.03;0.09;0.12;0.0;0.01;9;/dados/rmelo/PDPTW-SE/benchmark_multi_island_v5/official_experiments/multistartlp/preliminar/set_01_pt_04r02/logs/heur_mslp/outputs/csvresults_heur_mslp_bash_2_rb.csv;0;5;1;82;0;0.0;0.5;true;42;2;LR2_2_7_t2_40R_40V_04I_05M;/dados/rmelo/PDPTW-SE/benchmark_multi_island_v5/official_experiments/multistartlp/preliminar/set_01_pt_04r02/configs/genconfig_mslp.conf;genconfig_mslp;/dados/rmelo/PDPTW-SE/benchmark_multi_island_v5/official_experiments/multistartlp/preliminar/set_01_pt_04r02/logs/heur_mslp/gurobi/40R_40V_04I_05M/LR2_2_7_grb_genconfig_mslp_seed_150_alpha_10p.log;random;40R_40V_04I_05M;1;0;1;/dados/rmelo/PDPTW-SE/benchmark_multi_island_v5/official_experiments/multistartlp/preliminar/set_01_pt_04r02/../../../../instances/orig_ams_fg/40R_40V_04I_06M/t2/LR2_2_7/;45469;33947;0;7012.95;81;41;H;50;95;0;100.0;30.0;true;0.95;100.0;1.0;1.0;1.0;1.0;60;M;45464;45469;false;78;0.87;188.0;1.0;39;10;1000000;-1;3600;2.35;0.73;0.94;mslp;heur;0.55;0.87;-1;3600;60000;I;40;1.0;0.08;LR2_2_7;0;/dados/rmelo/PDPTW-SE/benchmark_multi_island_v5/official_experiments/multistartlp/preliminar/set_01_pt_04r02/logs;0;0;0;0.0;99.99;1;150;/dados/rmelo/PDPTW-SE/benchmark_multi_island_v5/official_experiments/multistartlp/preliminar/set_01_pt_04r02/logs/heur_mslp/solutions/40R_40V_04I_05M/LR2_2_7_sol_genconfig_mslp_seed_150_alpha_10p.txt;Gurobi;AUTOMATIC;22.48;_bash_2_rb;_seed_150_alpha_10p;1067.45;1;2719.56;/dados/rmelo/PDPTW-SE/benchmark_multi_island_v5/official_experiments/multistartlp/preliminar/set_01_pt_04r02/logs/heur_mslp/timelines/40R_40V_04I_05M/LR2_2_7_timeline_genconfig_mslp_seed_150_alpha_10p.txt;3600.07;t2;0;5585.7;false
0.1;0.03;0.06;0.09;0.01;0.19;0;/dados/rmelo/PDPTW-SE/benchmark_multi_island_v5/official_experiments/multistartlp/preliminar/set_01_pt_04r02/logs/heur_mslp/outputs/csvresults_heur_mslp_bash_2_rb.csv;0;5;1;122;0;0.0;0.5;false;62;2;LR1_2_6_t1_60R_60V_02I_05M;/dados/rmelo/PDPTW-SE/benchmark_multi_island_v5/official_experiments/multistartlp/preliminar/set_01_pt_04r02/configs/genconfig_mslp.conf;genconfig_mslp;/dados/rmelo/PDPTW-SE/benchmark_multi_island_v5/official_experiments/multistartlp/preliminar/set_01_pt_04r02/logs/heur_mslp/gurobi/60R_60V_02I_05M/LR1_2_6_grb_genconfig_mslp_seed_150_alpha_10p.log;random;60R_60V_02I_05M;1;60000;1;/dados/rmelo/PDPTW-SE/benchmark_multi_island_v5/official_experiments/multistartlp/preliminar/set_01_pt_04r02/../../../../instances/orig_ams_fg/60R_60V_02I_06M/t1/LR1_2_6/;60000;0;0;0.0;121;61;H;50;95;0;100.0;30.0;true;0.95;100.0;1.0;1.0;1.0;1.0;60;M;0;0;false;82;0.96;277.16;0.61;41;10;1000000;-1;3600;0.0;0.63;0.32;mslp;heur;0.45;0.01;-1;3600;60000;I;60;1.0;0.22;LR1_2_6;0;/dados/rmelo/PDPTW-SE/benchmark_multi_island_v5/official_experiments/multistartlp/preliminar/set_01_pt_04r02/logs;0;0;0;100.0;0.0;1;150;/dados/rmelo/PDPTW-SE/benchmark_multi_island_v5/official_experiments/multistartlp/preliminar/set_01_pt_04r02/logs/heur_mslp/solutions/60R_60V_02I_05M/LR1_2_6_sol_genconfig_mslp_seed_150_alpha_10p.txt;Gurobi;AUTOMATIC;22.79;_bash_2_rb;_seed_150_alpha_10p;0.0;1;0.0;/dados/rmelo/PDPTW-SE/benchmark_multi_island_v5/official_experiments/multistartlp/preliminar/set_01_pt_04r02/logs/heur_mslp/timelines/60R_60V_02I_05M/LR1_2_6_timeline_genconfig_mslp_seed_150_alpha_10p.txt;258.68;t1;0;Inf;false
0.1;0.0;0.01;0.02;0.0;0.0;8;/dados/rmelo/PDPTW-SE/benchmark_multi_island_v5/official_experiments/multistartlp/preliminar/set_01_pt_04r02/logs/heur_mslp/outputs/csvresults_heur_mslp_bash_2_rb.csv;0;5;1;122;0;0.0;0.5;true;62;2;LR2_2_8_t2_60R_60V_02I_05M;/dados/rmelo/PDPTW-SE/benchmark_multi_island_v5/official_experiments/multistartlp/preliminar/set_01_pt_04r02/configs/genconfig_mslp.conf;genconfig_mslp;/dados/rmelo/PDPTW-SE/benchmark_multi_island_v5/official_experiments/multistartlp/preliminar/set_01_pt_04r02/logs/heur_mslp/gurobi/60R_60V_02I_05M/LR2_2_8_grb_genconfig_mslp_seed_150_alpha_10p.log;random;60R_60V_02I_05M;1;0;1;/dados/rmelo/PDPTW-SE/benchmark_multi_island_v5/official_experiments/multistartlp/preliminar/set_01_pt_04r02/../../../../instances/orig_ams_fg/60R_60V_02I_06M/t2/LR2_2_8/;26899;3109;0;9051.13;121;61;H;50;95;0;100.0;30.0;true;0.95;100.0;1.0;1.0;1.0;1.0;60;M;26676;26899;false;80;0.86;227.5;1.0;40;10;1000000;-1;3600;1.3;0.66;0.92;mslp;heur;0.23;0.7;-1;3600;60000;I;60;0.6;0.07;LR2_2_8;0;/dados/rmelo/PDPTW-SE/benchmark_multi_island_v5/official_experiments/multistartlp/preliminar/set_01_pt_04r02/logs;0;0;0;0.0;99.17;1;150;/dados/rmelo/PDPTW-SE/benchmark_multi_island_v5/official_experiments/multistartlp/preliminar/set_01_pt_04r02/logs/heur_mslp/solutions/60R_60V_02I_05M/LR2_2_8_sol_genconfig_mslp_seed_150_alpha_10p.txt;Gurobi;AUTOMATIC;22.9;_bash_2_rb;_seed_150_alpha_10p;349.99;1;419.03;/dados/rmelo/PDPTW-SE/benchmark_multi_island_v5/official_experiments/multistartlp/preliminar/set_01_pt_04r02/logs/heur_mslp/timelines/60R_60V_02I_05M/LR2_2_8_timeline_genconfig_mslp_seed_150_alpha_10p.txt;3600.01;t2;0;6731.9;false
0.1;0.12;0.17;0.29;0.01;0.09;1;/dados/rmelo/PDPTW-SE/benchmark_multi_island_v5/official_experiments/multistartlp/preliminar/set_01_pt_04r02/logs/heur_mslp/outputs/csvresults_heur_mslp_bash_2_rb.csv;0;5;1;122;0;0.0;0.5;true;62;2;LR1_2_6_t1_60R_60V_04I_05M;/dados/rmelo/PDPTW-SE/benchmark_multi_island_v5/official_experiments/multistartlp/preliminar/set_01_pt_04r02/configs/genconfig_mslp.conf;genconfig_mslp;/dados/rmelo/PDPTW-SE/benchmark_multi_island_v5/official_experiments/multistartlp/preliminar/set_01_pt_04r02/logs/heur_mslp/gurobi/60R_60V_04I_05M/LR1_2_6_grb_genconfig_mslp_seed_150_alpha_10p.log;random;60R_60V_04I_05M;1;59999;1;/dados/rmelo/PDPTW-SE/benchmark_multi_island_v5/official_experiments/multistartlp/preliminar/set_01_pt_04r02/../../../../instances/orig_ams_fg/60R_60V_04I_06M/t1/LR1_2_6/;60000;1;0;8335.07;121;61;H;50;95;0;100.0;30.0;true;0.95;100.0;1.0;1.0;1.0;1.0;60;M;1;1;false;82;0.93;184.15;0.96;41;10;1000000;-1;3600;5.47;0.57;0.63;mslp;heur;0.25;0.13;-1;3600;60000;I;60;1.0;0.28;LR1_2_6;0;/dados/rmelo/PDPTW-SE/benchmark_multi_island_v5/official_experiments/multistartlp/preliminar/set_01_pt_04r02/logs;0;0;0;100.0;100.0;1;150;/dados/rmelo/PDPTW-SE/benchmark_multi_island_v5/official_experiments/multistartlp/preliminar/set_01_pt_04r02/logs/heur_mslp/solutions/60R_60V_04I_05M/LR1_2_6_sol_genconfig_mslp_seed_150_alpha_10p.txt;Gurobi;AUTOMATIC;22.65;_bash_2_rb;_seed_150_alpha_10p;0.05;1;0.07;/dados/rmelo/PDPTW-SE/benchmark_multi_island_v5/official_experiments/multistartlp/preliminar/set_01_pt_04r02/logs/heur_mslp/timelines/60R_60V_04I_05M/LR1_2_6_timeline_genconfig_mslp_seed_150_alpha_10p.txt;518.82;t1;0;7879.32;false
0.1;0.02;0.05;0.08;0.0;0.05;3;/dados/rmelo/PDPTW-SE/benchmark_multi_island_v5/official_experiments/multistartlp/preliminar/set_01_pt_04r02/logs/heur_mslp/outputs/csvresults_heur_mslp_bash_2_rb.csv;0;5;1;122;0;0.0;0.5;true;62;2;LR2_2_8_t2_60R_60V_04I_05M;/dados/rmelo/PDPTW-SE/benchmark_multi_island_v5/official_experiments/multistartlp/preliminar/set_01_pt_04r02/configs/genconfig_mslp.conf;genconfig_mslp;/dados/rmelo/PDPTW-SE/benchmark_multi_island_v5/official_experiments/multistartlp/preliminar/set_01_pt_04r02/logs/heur_mslp/gurobi/60R_60V_04I_05M/LR2_2_8_grb_genconfig_mslp_seed_150_alpha_10p.log;random;60R_60V_04I_05M;1;0;1;/dados/rmelo/PDPTW-SE/benchmark_multi_island_v5/official_experiments/multistartlp/preliminar/set_01_pt_04r02/../../../../instances/orig_ams_fg/60R_60V_04I_06M/t2/LR2_2_8/;14834;7847;0;9301.2;121;61;H;50;95;0;100.0;30.0;true;0.95;100.0;1.0;1.0;1.0;1.0;60;M;14719;14834;false;80;0.94;181.1;1.0;40;10;1000000;-1;3600;0.9;0.59;0.8;mslp;heur;0.07;0.15;-1;3600;60000;I;60;1.0;0.08;LR2_2_8;0;/dados/rmelo/PDPTW-SE/benchmark_multi_island_v5/official_experiments/multistartlp/preliminar/set_01_pt_04r02/logs;0;0;0;0.0;99.22;1;150;/dados/rmelo/PDPTW-SE/benchmark_multi_island_v5/official_experiments/multistartlp/preliminar/set_01_pt_04r02/logs/heur_mslp/solutions/60R_60V_04I_05M/LR2_2_8_sol_genconfig_mslp_seed_150_alpha_10p.txt;Gurobi;AUTOMATIC;17.72;_bash_2_rb;_seed_150_alpha_10p;133.23;1;1881.16;/dados/rmelo/PDPTW-SE/benchmark_multi_island_v5/official_experiments/multistartlp/preliminar/set_01_pt_04r02/logs/heur_mslp/timelines/60R_60V_04I_05M/LR2_2_8_timeline_genconfig_mslp_seed_150_alpha_10p.txt;3600.0;t2;0;7535.14;false
