name;group;type;full_name;max_Q;n;M;inst_path;method_type;method_code;gen_config_file;greedy_service_order;cutoff;cutoff_machs;solver;max_time;gurobi_cuts;type_user_cut;mip_presolve;print_sol;max_nodes;elevator;make_instance_feasible;output;epsilon;epsilon_cap;warm_start;seed;alpha;max_iter;output_flag_grb_mip;output_flag_grb_mslp;output_flag_grb_lmns;mslp_r;mslp_a;lmns_r;lmns_a;lmns_repair_time;lmns_mip_focus;lmns_gap_to_bigger_destruction;lmns_gap_to_smaller_destruction;lmns_weight_shaw_dist_prox;lmns_weight_shaw_earl_prox;lmns_weight_shaw_same_route;lmns_weight_shaw_demand_sim;lmns_req_r_apply_mip_start;lmns_acceptance_criteria;lmns_metropolis_temp;lmns_simulated_annealing_temp;lmns_simulated_annealing_cool;mip_max_time;hx_max_time;csv_file_name;sol_file_name;timeline_file_name;grb_file_name;validate_synchronization;constraints_used_melo_mip_str;run_callback_melo_mip;mip_heuristics;threads;gen_config_filename;status;optimal;tle_feas;tle_not_feas;obj_value;bestbound;numnodes;time;gap;n_vars;n_bin_vars;n_x_vars;n_z_vars;n_t_vars;n_tstart_vars;n_tfinal_vars;n_phi_vars;n_alpha_vars;n_gamma_vars;c35;c36;c37;c38;c39;c40;c41;c42;c43;c44;c45;c46;c47;n_vehicles_used;n_machines_used;max_max_load_all_vehicles;min_max_load_all_vehicles;mean_max_load_all_vehicles;min_completion_time;max_completion_time;mean_completion_time;avrg_machines_travel_time_with_vehicle;avrg_machines_travel_time_only_with_vehicle;avrg_machines_travel_time_no_vehicle;avrg_vehicles_waiting_time_for_a_machine_travel;avrg_vehicles_waiting_time_for_a_service
lr201;08R_08V_02F_03M;t2;lr201_t2_08R_08V_02F_03M;52;8;[   0   79 1086 1076 1052 1042 1047 1011    6];/dados/rmelo/PDPTW-SE/benchmark_multi_floor_v3/official_experiments/mip_gurobi/set_02_pt_02/../../../instances/orig_ams_fg/08R_08V_02F_04M/t2/lr201/;form;melo;/dados/rmelo/PDPTW-SE/benchmark_multi_floor_v3/official_experiments/mip_gurobi/set_02_pt_02/configs/genconfig_melo.conf;tightest_tw;0;3;Gurobi;7200;1;0;-1;1;-1;1;False;/dados/rmelo/PDPTW-SE/benchmark_multi_floor_v3/official_experiments/mip_gurobi/set_02_pt_02/logs/;0.0;0.5;False;0;0.2;1000000;1;0;0;M;60;M;60;30.0;0;50;95;1.0;1.0;1.0;1.0;True;H;100.0;100.0;0.95;3600;3600;/dados/rmelo/PDPTW-SE/benchmark_multi_floor_v3/official_experiments/mip_gurobi/set_02_pt_02/logs/form_melo/outputs/csvresults_form_melo.csv;/dados/rmelo/PDPTW-SE/benchmark_multi_floor_v3/official_experiments/mip_gurobi/set_02_pt_02/logs/form_melo/solutions/08R_08V_02F_03M/lr201_sol_genconfig_melo.txt;/dados/rmelo/PDPTW-SE/benchmark_multi_floor_v3/official_experiments/mip_gurobi/set_02_pt_02/logs/form_melo/timelines/08R_08V_02F_03M/lr201_timeline_genconfig_melo.txt;/dados/rmelo/PDPTW-SE/benchmark_multi_floor_v3/official_experiments/mip_gurobi/set_02_pt_02/logs/form_melo/gurobi/08R_08V_02F_03M/lr201_grb_genconfig_melo.log;True;1-29;False;0.05;8;genconfig_melo;2;1;0;0;930.52;930.52;37713.0;76.95;0.0;6293;5974;784;144;24;8;8;135;135;5055;[];[];[];[];[];[];[];[];[];[];[];[];[];0.25;1.0;0.9;0.87;0.88;0.27;0.66;0.47;0.01;0.01;0.0;0.0;0.15
lr201;08R_08V_02F_04M;t2;lr201_t2_08R_08V_02F_04M;52;8;[   0   79 1086 1076 1052 1042 1047 1011    6];/dados/rmelo/PDPTW-SE/benchmark_multi_floor_v3/official_experiments/mip_gurobi/set_02_pt_02/../../../instances/orig_ams_fg/08R_08V_02F_04M/t2/lr201/;form;melo;/dados/rmelo/PDPTW-SE/benchmark_multi_floor_v3/official_experiments/mip_gurobi/set_02_pt_02/configs/genconfig_melo.conf;tightest_tw;0;4;Gurobi;7200;1;0;-1;1;-1;1;False;/dados/rmelo/PDPTW-SE/benchmark_multi_floor_v3/official_experiments/mip_gurobi/set_02_pt_02/logs/;0.0;0.5;False;0;0.2;1000000;1;0;0;M;60;M;60;30.0;0;50;95;1.0;1.0;1.0;1.0;True;H;100.0;100.0;0.95;3600;3600;/dados/rmelo/PDPTW-SE/benchmark_multi_floor_v3/official_experiments/mip_gurobi/set_02_pt_02/logs/form_melo/outputs/csvresults_form_melo.csv;/dados/rmelo/PDPTW-SE/benchmark_multi_floor_v3/official_experiments/mip_gurobi/set_02_pt_02/logs/form_melo/solutions/08R_08V_02F_04M/lr201_sol_genconfig_melo.txt;/dados/rmelo/PDPTW-SE/benchmark_multi_floor_v3/official_experiments/mip_gurobi/set_02_pt_02/logs/form_melo/timelines/08R_08V_02F_04M/lr201_timeline_genconfig_melo.txt;/dados/rmelo/PDPTW-SE/benchmark_multi_floor_v3/official_experiments/mip_gurobi/set_02_pt_02/logs/form_melo/gurobi/08R_08V_02F_04M/lr201_grb_genconfig_melo.log;True;1-29;False;0.05;8;genconfig_melo;2;1;0;0;929.83;929.83;50826.0;132.69;0.0;8089;7725;784;144;24;8;8;180;180;6761;[];[];[];[];[];[];[];[];[];[];[];[];[];0.25;0.75;0.9;0.87;0.88;0.27;0.66;0.46;0.01;0.01;0.0;0.0;0.15
lr202;08R_08V_02F_03M;t2;lr202_t2_08R_08V_02F_03M;46;8;[   0   70 1082 1072 1047 1037 1042 1011    6];/dados/rmelo/PDPTW-SE/benchmark_multi_floor_v3/official_experiments/mip_gurobi/set_02_pt_02/../../../instances/orig_ams_fg/08R_08V_02F_04M/t2/lr202/;form;melo;/dados/rmelo/PDPTW-SE/benchmark_multi_floor_v3/official_experiments/mip_gurobi/set_02_pt_02/configs/genconfig_melo.conf;tightest_tw;0;3;Gurobi;7200;1;0;-1;1;-1;1;False;/dados/rmelo/PDPTW-SE/benchmark_multi_floor_v3/official_experiments/mip_gurobi/set_02_pt_02/logs/;0.0;0.5;False;0;0.2;1000000;1;0;0;M;60;M;60;30.0;0;50;95;1.0;1.0;1.0;1.0;True;H;100.0;100.0;0.95;3600;3600;/dados/rmelo/PDPTW-SE/benchmark_multi_floor_v3/official_experiments/mip_gurobi/set_02_pt_02/logs/form_melo/outputs/csvresults_form_melo.csv;/dados/rmelo/PDPTW-SE/benchmark_multi_floor_v3/official_experiments/mip_gurobi/set_02_pt_02/logs/form_melo/solutions/08R_08V_02F_03M/lr202_sol_genconfig_melo.txt;/dados/rmelo/PDPTW-SE/benchmark_multi_floor_v3/official_experiments/mip_gurobi/set_02_pt_02/logs/form_melo/timelines/08R_08V_02F_03M/lr202_timeline_genconfig_melo.txt;/dados/rmelo/PDPTW-SE/benchmark_multi_floor_v3/official_experiments/mip_gurobi/set_02_pt_02/logs/form_melo/gurobi/08R_08V_02F_03M/lr202_grb_genconfig_melo.log;True;1-29;False;0.05;8;genconfig_melo;9;0;1;0;717.53;89.57;195807.0;3600.07;87.52;14746;14349;1240;144;24;8;8;213;213;12896;[];[];[];[];[];[];[];[];[];[];[];[];[];0.25;1.0;0.95;0.67;0.81;0.21;0.51;0.36;0.01;0.01;0.0;0.0;0.01
lr202;08R_08V_02F_04M;t2;lr202_t2_08R_08V_02F_04M;46;8;[   0   70 1082 1072 1048 1038 1043 1011    6];/dados/rmelo/PDPTW-SE/benchmark_multi_floor_v3/official_experiments/mip_gurobi/set_02_pt_02/../../../instances/orig_ams_fg/08R_08V_02F_04M/t2/lr202/;form;melo;/dados/rmelo/PDPTW-SE/benchmark_multi_floor_v3/official_experiments/mip_gurobi/set_02_pt_02/configs/genconfig_melo.conf;tightest_tw;0;4;Gurobi;7200;1;0;-1;1;-1;1;False;/dados/rmelo/PDPTW-SE/benchmark_multi_floor_v3/official_experiments/mip_gurobi/set_02_pt_02/logs/;0.0;0.5;False;0;0.2;1000000;1;0;0;M;60;M;60;30.0;0;50;95;1.0;1.0;1.0;1.0;True;H;100.0;100.0;0.95;3600;3600;/dados/rmelo/PDPTW-SE/benchmark_multi_floor_v3/official_experiments/mip_gurobi/set_02_pt_02/logs/form_melo/outputs/csvresults_form_melo.csv;/dados/rmelo/PDPTW-SE/benchmark_multi_floor_v3/official_experiments/mip_gurobi/set_02_pt_02/logs/form_melo/solutions/08R_08V_02F_04M/lr202_sol_genconfig_melo.txt;/dados/rmelo/PDPTW-SE/benchmark_multi_floor_v3/official_experiments/mip_gurobi/set_02_pt_02/logs/form_melo/timelines/08R_08V_02F_04M/lr202_timeline_genconfig_melo.txt;/dados/rmelo/PDPTW-SE/benchmark_multi_floor_v3/official_experiments/mip_gurobi/set_02_pt_02/logs/form_melo/gurobi/08R_08V_02F_04M/lr202_grb_genconfig_melo.log;True;1-29;False;0.05;8;genconfig_melo;9;0;1;0;715.2;89.57;157066.0;3600.04;87.48;19150;18682;1240;144;24;8;8;284;284;17158;[];[];[];[];[];[];[];[];[];[];[];[];[];0.25;0.75;0.95;0.53;0.74;0.21;0.51;0.36;0.01;0.01;0.0;0.0;0.0
lr203;08R_08V_02F_03M;t2;lr203_t2_08R_08V_02F_03M;34;8;[   0   52 1092 1082 1055 1045 1050 1011    6];/dados/rmelo/PDPTW-SE/benchmark_multi_floor_v3/official_experiments/mip_gurobi/set_02_pt_02/../../../instances/orig_ams_fg/08R_08V_02F_04M/t2/lr203/;form;melo;/dados/rmelo/PDPTW-SE/benchmark_multi_floor_v3/official_experiments/mip_gurobi/set_02_pt_02/configs/genconfig_melo.conf;tightest_tw;0;3;Gurobi;7200;1;0;-1;1;-1;1;False;/dados/rmelo/PDPTW-SE/benchmark_multi_floor_v3/official_experiments/mip_gurobi/set_02_pt_02/logs/;0.0;0.5;False;0;0.2;1000000;1;0;0;M;60;M;60;30.0;0;50;95;1.0;1.0;1.0;1.0;True;H;100.0;100.0;0.95;3600;3600;/dados/rmelo/PDPTW-SE/benchmark_multi_floor_v3/official_experiments/mip_gurobi/set_02_pt_02/logs/form_melo/outputs/csvresults_form_melo.csv;/dados/rmelo/PDPTW-SE/benchmark_multi_floor_v3/official_experiments/mip_gurobi/set_02_pt_02/logs/form_melo/solutions/08R_08V_02F_03M/lr203_sol_genconfig_melo.txt;/dados/rmelo/PDPTW-SE/benchmark_multi_floor_v3/official_experiments/mip_gurobi/set_02_pt_02/logs/form_melo/timelines/08R_08V_02F_03M/lr203_timeline_genconfig_melo.txt;/dados/rmelo/PDPTW-SE/benchmark_multi_floor_v3/official_experiments/mip_gurobi/set_02_pt_02/logs/form_melo/gurobi/08R_08V_02F_03M/lr203_grb_genconfig_melo.log;True;1-29;False;0.05;8;genconfig_melo;9;0;1;0;713.2;0.0;58764.0;3600.11;100.0;25852;25389;1608;144;24;8;8;279;279;23502;[];[];[];[];[];[];[];[];[];[];[];[];[];0.25;0.67;0.94;0.32;0.63;0.08;0.64;0.36;0.02;0.02;0.0;0.0;0.0
lr205;08R_08V_02F_03M;t2;lr205_t2_08R_08V_02F_03M;52;8;[   0   79 1083 1073 1050 1040 1045 1011    6];/dados/rmelo/PDPTW-SE/benchmark_multi_floor_v3/official_experiments/mip_gurobi/set_02_pt_02/../../../instances/orig_ams_fg/08R_08V_02F_04M/t2/lr205/;form;melo;/dados/rmelo/PDPTW-SE/benchmark_multi_floor_v3/official_experiments/mip_gurobi/set_02_pt_02/configs/genconfig_melo.conf;tightest_tw;0;3;Gurobi;7200;1;0;-1;1;-1;1;False;/dados/rmelo/PDPTW-SE/benchmark_multi_floor_v3/official_experiments/mip_gurobi/set_02_pt_02/logs/;0.0;0.5;False;0;0.2;1000000;1;0;0;M;60;M;60;30.0;0;50;95;1.0;1.0;1.0;1.0;True;H;100.0;100.0;0.95;3600;3600;/dados/rmelo/PDPTW-SE/benchmark_multi_floor_v3/official_experiments/mip_gurobi/set_02_pt_02/logs/form_melo/outputs/csvresults_form_melo.csv;/dados/rmelo/PDPTW-SE/benchmark_multi_floor_v3/official_experiments/mip_gurobi/set_02_pt_02/logs/form_melo/solutions/08R_08V_02F_03M/lr205_sol_genconfig_melo.txt;/dados/rmelo/PDPTW-SE/benchmark_multi_floor_v3/official_experiments/mip_gurobi/set_02_pt_02/logs/form_melo/timelines/08R_08V_02F_03M/lr205_timeline_genconfig_melo.txt;/dados/rmelo/PDPTW-SE/benchmark_multi_floor_v3/official_experiments/mip_gurobi/set_02_pt_02/logs/form_melo/gurobi/08R_08V_02F_03M/lr205_grb_genconfig_melo.log;True;1-29;False;0.05;8;genconfig_melo;9;0;1;0;736.09;653.37;193853.0;3600.09;11.24;21110;20666;1320;144;24;8;8;260;260;19086;[];[];[];[];[];[];[];[];[];[];[];[];[];0.25;0.67;0.85;0.38;0.62;0.12;0.61;0.37;0.02;0.02;0.01;0.0;0.0
lr205;08R_08V_02F_04M;t2;lr205_t2_08R_08V_02F_04M;52;8;[   0   79 1083 1073 1051 1041 1046 1011    6];/dados/rmelo/PDPTW-SE/benchmark_multi_floor_v3/official_experiments/mip_gurobi/set_02_pt_02/../../../instances/orig_ams_fg/08R_08V_02F_04M/t2/lr205/;form;melo;/dados/rmelo/PDPTW-SE/benchmark_multi_floor_v3/official_experiments/mip_gurobi/set_02_pt_02/configs/genconfig_melo.conf;tightest_tw;0;4;Gurobi;7200;1;0;-1;1;-1;1;False;/dados/rmelo/PDPTW-SE/benchmark_multi_floor_v3/official_experiments/mip_gurobi/set_02_pt_02/logs/;0.0;0.5;False;0;0.2;1000000;1;0;0;M;60;M;60;30.0;0;50;95;1.0;1.0;1.0;1.0;True;H;100.0;100.0;0.95;3600;3600;/dados/rmelo/PDPTW-SE/benchmark_multi_floor_v3/official_experiments/mip_gurobi/set_02_pt_02/logs/form_melo/outputs/csvresults_form_melo.csv;/dados/rmelo/PDPTW-SE/benchmark_multi_floor_v3/official_experiments/mip_gurobi/set_02_pt_02/logs/form_melo/solutions/08R_08V_02F_04M/lr205_sol_genconfig_melo.txt;/dados/rmelo/PDPTW-SE/benchmark_multi_floor_v3/official_experiments/mip_gurobi/set_02_pt_02/logs/form_melo/timelines/08R_08V_02F_04M/lr205_timeline_genconfig_melo.txt;/dados/rmelo/PDPTW-SE/benchmark_multi_floor_v3/official_experiments/mip_gurobi/set_02_pt_02/logs/form_melo/gurobi/08R_08V_02F_04M/lr205_grb_genconfig_melo.log;True;1-29;False;0.05;8;genconfig_melo;9;0;1;0;739.39;268.2;104666.0;3600.07;63.73;27771;27240;1320;144;24;8;8;347;347;25573;[];[];[];[];[];[];[];[];[];[];[];[];[];0.25;0.75;0.95;0.88;0.92;0.19;0.55;0.37;0.02;0.01;0.0;0.0;0.0
lr201;08R_08V_04F_03M;t2;lr201_t2_08R_08V_04F_03M;52;8;[   0   79 1086 1076 1052 1042 1057 1031   16];/dados/rmelo/PDPTW-SE/benchmark_multi_floor_v3/official_experiments/mip_gurobi/set_02_pt_02/../../../instances/orig_ams_fg/08R_08V_04F_04M/t2/lr201/;form;melo;/dados/rmelo/PDPTW-SE/benchmark_multi_floor_v3/official_experiments/mip_gurobi/set_02_pt_02/configs/genconfig_melo.conf;tightest_tw;0;3;Gurobi;7200;1;0;-1;1;-1;1;False;/dados/rmelo/PDPTW-SE/benchmark_multi_floor_v3/official_experiments/mip_gurobi/set_02_pt_02/logs/;0.0;0.5;False;0;0.2;1000000;1;0;0;M;60;M;60;30.0;0;50;95;1.0;1.0;1.0;1.0;True;H;100.0;100.0;0.95;3600;3600;/dados/rmelo/PDPTW-SE/benchmark_multi_floor_v3/official_experiments/mip_gurobi/set_02_pt_02/logs/form_melo/outputs/csvresults_form_melo.csv;/dados/rmelo/PDPTW-SE/benchmark_multi_floor_v3/official_experiments/mip_gurobi/set_02_pt_02/logs/form_melo/solutions/08R_08V_04F_03M/lr201_sol_genconfig_melo.txt;/dados/rmelo/PDPTW-SE/benchmark_multi_floor_v3/official_experiments/mip_gurobi/set_02_pt_02/logs/form_melo/timelines/08R_08V_04F_03M/lr201_timeline_genconfig_melo.txt;/dados/rmelo/PDPTW-SE/benchmark_multi_floor_v3/official_experiments/mip_gurobi/set_02_pt_02/logs/form_melo/gurobi/08R_08V_04F_03M/lr201_grb_genconfig_melo.log;True;1-29;False;0.05;8;genconfig_melo;2;1;0;0;1142.97;1142.97;143852.0;529.42;0.0;10741;10367;760;144;24;8;8;190;190;9417;[];[];[];[];[];[];[];[];[];[];[];[];[];0.25;1.0;0.9;0.87;0.88;0.35;0.79;0.57;0.04;0.03;0.01;0.0;0.11
lr201;08R_08V_04F_04M;t2;lr201_t2_08R_08V_04F_04M;52;8;[   0   79 1086 1076 1052 1042 1057 1031   16];/dados/rmelo/PDPTW-SE/benchmark_multi_floor_v3/official_experiments/mip_gurobi/set_02_pt_02/../../../instances/orig_ams_fg/08R_08V_04F_04M/t2/lr201/;form;melo;/dados/rmelo/PDPTW-SE/benchmark_multi_floor_v3/official_experiments/mip_gurobi/set_02_pt_02/configs/genconfig_melo.conf;tightest_tw;0;4;Gurobi;7200;1;0;-1;1;-1;1;False;/dados/rmelo/PDPTW-SE/benchmark_multi_floor_v3/official_experiments/mip_gurobi/set_02_pt_02/logs/;0.0;0.5;False;0;0.2;1000000;1;0;0;M;60;M;60;30.0;0;50;95;1.0;1.0;1.0;1.0;True;H;100.0;100.0;0.95;3600;3600;/dados/rmelo/PDPTW-SE/benchmark_multi_floor_v3/official_experiments/mip_gurobi/set_02_pt_02/logs/form_melo/outputs/csvresults_form_melo.csv;/dados/rmelo/PDPTW-SE/benchmark_multi_floor_v3/official_experiments/mip_gurobi/set_02_pt_02/logs/form_melo/solutions/08R_08V_04F_04M/lr201_sol_genconfig_melo.txt;/dados/rmelo/PDPTW-SE/benchmark_multi_floor_v3/official_experiments/mip_gurobi/set_02_pt_02/logs/form_melo/timelines/08R_08V_04F_04M/lr201_timeline_genconfig_melo.txt;/dados/rmelo/PDPTW-SE/benchmark_multi_floor_v3/official_experiments/mip_gurobi/set_02_pt_02/logs/form_melo/gurobi/08R_08V_04F_04M/lr201_grb_genconfig_melo.log;True;1-29;False;0.05;8;genconfig_melo;2;1;0;0;1136.32;1136.32;66774.0;332.61;0.0;13930;13493;760;144;24;8;8;253;253;12480;[];[];[];[];[];[];[];[];[];[];[];[];[];0.25;1.0;0.9;0.87;0.88;0.34;0.79;0.57;0.03;0.02;0.01;0.0;0.11
lr202;08R_08V_04F_03M;t2;lr202_t2_08R_08V_04F_03M;46;8;[   0   70 1092 1082 1047 1037 1052 1031   16];/dados/rmelo/PDPTW-SE/benchmark_multi_floor_v3/official_experiments/mip_gurobi/set_02_pt_02/../../../instances/orig_ams_fg/08R_08V_04F_04M/t2/lr202/;form;melo;/dados/rmelo/PDPTW-SE/benchmark_multi_floor_v3/official_experiments/mip_gurobi/set_02_pt_02/configs/genconfig_melo.conf;tightest_tw;0;3;Gurobi;7200;1;0;-1;1;-1;1;False;/dados/rmelo/PDPTW-SE/benchmark_multi_floor_v3/official_experiments/mip_gurobi/set_02_pt_02/logs/;0.0;0.5;False;0;0.2;1000000;1;0;0;M;60;M;60;30.0;0;50;95;1.0;1.0;1.0;1.0;True;H;100.0;100.0;0.95;3600;3600;/dados/rmelo/PDPTW-SE/benchmark_multi_floor_v3/official_experiments/mip_gurobi/set_02_pt_02/logs/form_melo/outputs/csvresults_form_melo.csv;/dados/rmelo/PDPTW-SE/benchmark_multi_floor_v3/official_experiments/mip_gurobi/set_02_pt_02/logs/form_melo/solutions/08R_08V_04F_03M/lr202_sol_genconfig_melo.txt;/dados/rmelo/PDPTW-SE/benchmark_multi_floor_v3/official_experiments/mip_gurobi/set_02_pt_02/logs/form_melo/timelines/08R_08V_04F_03M/lr202_timeline_genconfig_melo.txt;/dados/rmelo/PDPTW-SE/benchmark_multi_floor_v3/official_experiments/mip_gurobi/set_02_pt_02/logs/form_melo/gurobi/08R_08V_04F_03M/lr202_grb_genconfig_melo.log;True;1-29;False;0.05;8;genconfig_melo;9;0;1;0;885.9;109.27;57792.0;3600.04;87.67;33342;32826;1208;144;24;8;8;332;332;31286;[];[];[];[];[];[];[];[];[];[];[];[];[];0.25;1.0;0.95;0.35;0.65;0.11;0.78;0.44;0.04;0.03;0.01;0.0;0.0
lr202;08R_08V_04F_04M;t2;lr202_t2_08R_08V_04F_04M;46;8;[   0   70 1092 1082 1048 1038 1053 1031   16];/dados/rmelo/PDPTW-SE/benchmark_multi_floor_v3/official_experiments/mip_gurobi/set_02_pt_02/../../../instances/orig_ams_fg/08R_08V_04F_04M/t2/lr202/;form;melo;/dados/rmelo/PDPTW-SE/benchmark_multi_floor_v3/official_experiments/mip_gurobi/set_02_pt_02/configs/genconfig_melo.conf;tightest_tw;0;4;Gurobi;7200;1;0;-1;1;-1;1;False;/dados/rmelo/PDPTW-SE/benchmark_multi_floor_v3/official_experiments/mip_gurobi/set_02_pt_02/logs/;0.0;0.5;False;0;0.2;1000000;1;0;0;M;60;M;60;30.0;0;50;95;1.0;1.0;1.0;1.0;True;H;100.0;100.0;0.95;3600;3600;/dados/rmelo/PDPTW-SE/benchmark_multi_floor_v3/official_experiments/mip_gurobi/set_02_pt_02/logs/form_melo/outputs/csvresults_form_melo.csv;/dados/rmelo/PDPTW-SE/benchmark_multi_floor_v3/official_experiments/mip_gurobi/set_02_pt_02/logs/form_melo/solutions/08R_08V_04F_04M/lr202_sol_genconfig_melo.txt;/dados/rmelo/PDPTW-SE/benchmark_multi_floor_v3/official_experiments/mip_gurobi/set_02_pt_02/logs/form_melo/timelines/08R_08V_04F_04M/lr202_timeline_genconfig_melo.txt;/dados/rmelo/PDPTW-SE/benchmark_multi_floor_v3/official_experiments/mip_gurobi/set_02_pt_02/logs/form_melo/gurobi/08R_08V_04F_04M/lr202_grb_genconfig_melo.log;True;1-29;False;0.05;8;genconfig_melo;9;0;1;0;880.69;0.0;22885.0;3600.06;100.0;43696;43071;1208;144;24;8;8;441;441;41422;[];[];[];[];[];[];[];[];[];[];[];[];[];0.25;0.75;0.89;0.53;0.71;0.11;0.77;0.44;0.05;0.03;0.01;0.0;0.0
lr203;08R_08V_04F_03M;t2;lr203_t2_08R_08V_04F_03M;34;8;[   0   52 1100 1090 1055 1045 1060 1031   16];/dados/rmelo/PDPTW-SE/benchmark_multi_floor_v3/official_experiments/mip_gurobi/set_02_pt_02/../../../instances/orig_ams_fg/08R_08V_04F_04M/t2/lr203/;form;melo;/dados/rmelo/PDPTW-SE/benchmark_multi_floor_v3/official_experiments/mip_gurobi/set_02_pt_02/configs/genconfig_melo.conf;tightest_tw;0;3;Gurobi;7200;1;0;-1;1;-1;1;False;/dados/rmelo/PDPTW-SE/benchmark_multi_floor_v3/official_experiments/mip_gurobi/set_02_pt_02/logs/;0.0;0.5;False;0;0.2;1000000;1;0;0;M;60;M;60;30.0;0;50;95;1.0;1.0;1.0;1.0;True;H;100.0;100.0;0.95;3600;3600;/dados/rmelo/PDPTW-SE/benchmark_multi_floor_v3/official_experiments/mip_gurobi/set_02_pt_02/logs/form_melo/outputs/csvresults_form_melo.csv;/dados/rmelo/PDPTW-SE/benchmark_multi_floor_v3/official_experiments/mip_gurobi/set_02_pt_02/logs/form_melo/solutions/08R_08V_04F_03M/lr203_sol_genconfig_melo.txt;/dados/rmelo/PDPTW-SE/benchmark_multi_floor_v3/official_experiments/mip_gurobi/set_02_pt_02/logs/form_melo/timelines/08R_08V_04F_03M/lr203_timeline_genconfig_melo.txt;/dados/rmelo/PDPTW-SE/benchmark_multi_floor_v3/official_experiments/mip_gurobi/set_02_pt_02/logs/form_melo/gurobi/08R_08V_04F_03M/lr203_grb_genconfig_melo.log;True;1-29;False;0.05;8;genconfig_melo;9;0;1;0;902.12;0.0;12914.0;3600.08;100.0;59298;58679;1592;144;24;8;8;435;435;56652;[];[];[];[];[];[];[];[];[];[];[];[];[];0.25;1.0;0.97;0.89;0.93;0.29;0.61;0.45;0.06;0.03;0.02;0.03;0.03
lr203;08R_08V_04F_04M;t2;lr203_t2_08R_08V_04F_04M;34;8;[   0   52 1099 1089 1055 1045 1060 1031   16];/dados/rmelo/PDPTW-SE/benchmark_multi_floor_v3/official_experiments/mip_gurobi/set_02_pt_02/../../../instances/orig_ams_fg/08R_08V_04F_04M/t2/lr203/;form;melo;/dados/rmelo/PDPTW-SE/benchmark_multi_floor_v3/official_experiments/mip_gurobi/set_02_pt_02/configs/genconfig_melo.conf;tightest_tw;0;4;Gurobi;7200;1;0;-1;1;-1;1;False;/dados/rmelo/PDPTW-SE/benchmark_multi_floor_v3/official_experiments/mip_gurobi/set_02_pt_02/logs/;0.0;0.5;False;0;0.2;1000000;1;0;0;M;60;M;60;30.0;0;50;95;1.0;1.0;1.0;1.0;True;H;100.0;100.0;0.95;3600;3600;/dados/rmelo/PDPTW-SE/benchmark_multi_floor_v3/official_experiments/mip_gurobi/set_02_pt_02/logs/form_melo/outputs/csvresults_form_melo.csv;/dados/rmelo/PDPTW-SE/benchmark_multi_floor_v3/official_experiments/mip_gurobi/set_02_pt_02/logs/form_melo/solutions/08R_08V_04F_04M/lr203_sol_genconfig_melo.txt;/dados/rmelo/PDPTW-SE/benchmark_multi_floor_v3/official_experiments/mip_gurobi/set_02_pt_02/logs/form_melo/timelines/08R_08V_04F_04M/lr203_timeline_genconfig_melo.txt;/dados/rmelo/PDPTW-SE/benchmark_multi_floor_v3/official_experiments/mip_gurobi/set_02_pt_02/logs/form_melo/gurobi/08R_08V_04F_04M/lr203_grb_genconfig_melo.log;True;1-29;False;0.05;8;genconfig_melo;9;0;1;0;953.49;0.0;5855.0;3600.19;100.0;78497;77733;1592;144;24;8;8;580;580;75561;[];[];[];[];[];[];[];[];[];[];[];[];[];0.25;1.0;1.0;0.61;0.8;0.18;0.77;0.48;0.05;0.03;0.02;0.0;0.01
lr204;08R_08V_04F_03M;t2;lr204_t2_08R_08V_04F_03M;38;8;[   0   58 1100 1090 1058 1048 1063 1031   16];/dados/rmelo/PDPTW-SE/benchmark_multi_floor_v3/official_experiments/mip_gurobi/set_02_pt_02/../../../instances/orig_ams_fg/08R_08V_04F_04M/t2/lr204/;form;melo;/dados/rmelo/PDPTW-SE/benchmark_multi_floor_v3/official_experiments/mip_gurobi/set_02_pt_02/configs/genconfig_melo.conf;tightest_tw;0;3;Gurobi;7200;1;0;-1;1;-1;1;False;/dados/rmelo/PDPTW-SE/benchmark_multi_floor_v3/official_experiments/mip_gurobi/set_02_pt_02/logs/;0.0;0.5;False;0;0.2;1000000;1;0;0;M;60;M;60;30.0;0;50;95;1.0;1.0;1.0;1.0;True;H;100.0;100.0;0.95;3600;3600;/dados/rmelo/PDPTW-SE/benchmark_multi_floor_v3/official_experiments/mip_gurobi/set_02_pt_02/logs/form_melo/outputs/csvresults_form_melo.csv;/dados/rmelo/PDPTW-SE/benchmark_multi_floor_v3/official_experiments/mip_gurobi/set_02_pt_02/logs/form_melo/solutions/08R_08V_04F_03M/lr204_sol_genconfig_melo.txt;/dados/rmelo/PDPTW-SE/benchmark_multi_floor_v3/official_experiments/mip_gurobi/set_02_pt_02/logs/form_melo/timelines/08R_08V_04F_03M/lr204_timeline_genconfig_melo.txt;/dados/rmelo/PDPTW-SE/benchmark_multi_floor_v3/official_experiments/mip_gurobi/set_02_pt_02/logs/form_melo/gurobi/08R_08V_04F_03M/lr204_grb_genconfig_melo.log;True;1-29;False;0.05;8;genconfig_melo;9;0;1;0;869.49;0.0;9669.0;3600.22;100.0;77369;76690;1824;144;24;8;8;495;495;74371;[];[];[];[];[];[];[];[];[];[];[];[];[];0.25;1.0;0.66;0.63;0.64;0.36;0.51;0.43;0.02;0.02;0.01;0.0;0.0
lr204;08R_08V_04F_04M;t2;lr204_t2_08R_08V_04F_04M;38;8;[   0   58 1097 1087 1058 1048 1063 1031   16];/dados/rmelo/PDPTW-SE/benchmark_multi_floor_v3/official_experiments/mip_gurobi/set_02_pt_02/../../../instances/orig_ams_fg/08R_08V_04F_04M/t2/lr204/;form;melo;/dados/rmelo/PDPTW-SE/benchmark_multi_floor_v3/official_experiments/mip_gurobi/set_02_pt_02/configs/genconfig_melo.conf;tightest_tw;0;4;Gurobi;7200;1;0;-1;1;-1;1;False;/dados/rmelo/PDPTW-SE/benchmark_multi_floor_v3/official_experiments/mip_gurobi/set_02_pt_02/logs/;0.0;0.5;False;0;0.2;1000000;1;0;0;M;60;M;60;30.0;0;50;95;1.0;1.0;1.0;1.0;True;H;100.0;100.0;0.95;3600;3600;/dados/rmelo/PDPTW-SE/benchmark_multi_floor_v3/official_experiments/mip_gurobi/set_02_pt_02/logs/form_melo/outputs/csvresults_form_melo.csv;/dados/rmelo/PDPTW-SE/benchmark_multi_floor_v3/official_experiments/mip_gurobi/set_02_pt_02/logs/form_melo/solutions/08R_08V_04F_04M/lr204_sol_genconfig_melo.txt;/dados/rmelo/PDPTW-SE/benchmark_multi_floor_v3/official_experiments/mip_gurobi/set_02_pt_02/logs/form_melo/timelines/08R_08V_04F_04M/lr204_timeline_genconfig_melo.txt;/dados/rmelo/PDPTW-SE/benchmark_multi_floor_v3/official_experiments/mip_gurobi/set_02_pt_02/logs/form_melo/gurobi/08R_08V_04F_04M/lr204_grb_genconfig_melo.log;True;1-29;False;0.05;8;genconfig_melo;9;0;1;0;859.59;0.0;6336.0;3600.16;100.0;102195;101352;1824;144;24;8;8;659;659;98869;[];[];[];[];[];[];[];[];[];[];[];[];[];0.25;0.75;0.78;0.75;0.77;0.35;0.51;0.43;0.03;0.02;0.01;0.0;0.0
lr205;08R_08V_04F_03M;t2;lr205_t2_08R_08V_04F_03M;52;8;[   0   79 1090 1080 1050 1040 1055 1031   16];/dados/rmelo/PDPTW-SE/benchmark_multi_floor_v3/official_experiments/mip_gurobi/set_02_pt_02/../../../instances/orig_ams_fg/08R_08V_04F_04M/t2/lr205/;form;melo;/dados/rmelo/PDPTW-SE/benchmark_multi_floor_v3/official_experiments/mip_gurobi/set_02_pt_02/configs/genconfig_melo.conf;tightest_tw;0;3;Gurobi;7200;1;0;-1;1;-1;1;False;/dados/rmelo/PDPTW-SE/benchmark_multi_floor_v3/official_experiments/mip_gurobi/set_02_pt_02/logs/;0.0;0.5;False;0;0.2;1000000;1;0;0;M;60;M;60;30.0;0;50;95;1.0;1.0;1.0;1.0;True;H;100.0;100.0;0.95;3600;3600;/dados/rmelo/PDPTW-SE/benchmark_multi_floor_v3/official_experiments/mip_gurobi/set_02_pt_02/logs/form_melo/outputs/csvresults_form_melo.csv;/dados/rmelo/PDPTW-SE/benchmark_multi_floor_v3/official_experiments/mip_gurobi/set_02_pt_02/logs/form_melo/solutions/08R_08V_04F_03M/lr205_sol_genconfig_melo.txt;/dados/rmelo/PDPTW-SE/benchmark_multi_floor_v3/official_experiments/mip_gurobi/set_02_pt_02/logs/form_melo/timelines/08R_08V_04F_03M/lr205_timeline_genconfig_melo.txt;/dados/rmelo/PDPTW-SE/benchmark_multi_floor_v3/official_experiments/mip_gurobi/set_02_pt_02/logs/form_melo/gurobi/08R_08V_04F_03M/lr205_grb_genconfig_melo.log;True;1-29;False;0.05;8;genconfig_melo;9;0;1;0;919.87;144.11;26260.0;3600.04;84.33;41434;40874;1264;144;24;8;8;376;376;39234;[];[];[];[];[];[];[];[];[];[];[];[];[];0.25;1.0;0.9;0.88;0.89;0.38;0.54;0.46;0.05;0.03;0.02;0.0;0.0
lr205;08R_08V_04F_04M;t2;lr205_t2_08R_08V_04F_04M;52;8;[   0   79 1090 1080 1051 1041 1056 1031   16];/dados/rmelo/PDPTW-SE/benchmark_multi_floor_v3/official_experiments/mip_gurobi/set_02_pt_02/../../../instances/orig_ams_fg/08R_08V_04F_04M/t2/lr205/;form;melo;/dados/rmelo/PDPTW-SE/benchmark_multi_floor_v3/official_experiments/mip_gurobi/set_02_pt_02/configs/genconfig_melo.conf;tightest_tw;0;4;Gurobi;7200;1;0;-1;1;-1;1;False;/dados/rmelo/PDPTW-SE/benchmark_multi_floor_v3/official_experiments/mip_gurobi/set_02_pt_02/logs/;0.0;0.5;False;0;0.2;1000000;1;0;0;M;60;M;60;30.0;0;50;95;1.0;1.0;1.0;1.0;True;H;100.0;100.0;0.95;3600;3600;/dados/rmelo/PDPTW-SE/benchmark_multi_floor_v3/official_experiments/mip_gurobi/set_02_pt_02/logs/form_melo/outputs/csvresults_form_melo.csv;/dados/rmelo/PDPTW-SE/benchmark_multi_floor_v3/official_experiments/mip_gurobi/set_02_pt_02/logs/form_melo/solutions/08R_08V_04F_04M/lr205_sol_genconfig_melo.txt;/dados/rmelo/PDPTW-SE/benchmark_multi_floor_v3/official_experiments/mip_gurobi/set_02_pt_02/logs/form_melo/timelines/08R_08V_04F_04M/lr205_timeline_genconfig_melo.txt;/dados/rmelo/PDPTW-SE/benchmark_multi_floor_v3/official_experiments/mip_gurobi/set_02_pt_02/logs/form_melo/gurobi/08R_08V_04F_04M/lr205_grb_genconfig_melo.log;True;1-29;False;0.05;8;genconfig_melo;9;0;1;0;913.55;274.51;19888.0;3600.08;69.95;54862;54176;1264;144;24;8;8;502;502;52410;[];[];[];[];[];[];[];[];[];[];[];[];[];0.25;1.0;0.9;0.88;0.89;0.38;0.53;0.46;0.03;0.02;0.01;0.0;0.0
lr201;10R_10V_02F_03M;t2;lr201_t2_10R_10V_02F_03M;52;10;[   0   79 1080 1070 1052 1042 1047 1011    6];/dados/rmelo/PDPTW-SE/benchmark_multi_floor_v3/official_experiments/mip_gurobi/set_02_pt_02/../../../instances/orig_ams_fg/10R_10V_02F_04M/t2/lr201/;form;melo;/dados/rmelo/PDPTW-SE/benchmark_multi_floor_v3/official_experiments/mip_gurobi/set_02_pt_02/configs/genconfig_melo.conf;tightest_tw;0;3;Gurobi;7200;1;0;-1;1;-1;1;False;/dados/rmelo/PDPTW-SE/benchmark_multi_floor_v3/official_experiments/mip_gurobi/set_02_pt_02/logs/;0.0;0.5;False;0;0.2;1000000;1;0;0;M;60;M;60;30.0;0;50;95;1.0;1.0;1.0;1.0;True;H;100.0;100.0;0.95;3600;3600;/dados/rmelo/PDPTW-SE/benchmark_multi_floor_v3/official_experiments/mip_gurobi/set_02_pt_02/logs/form_melo/outputs/csvresults_form_melo.csv;/dados/rmelo/PDPTW-SE/benchmark_multi_floor_v3/official_experiments/mip_gurobi/set_02_pt_02/logs/form_melo/solutions/10R_10V_02F_03M/lr201_sol_genconfig_melo.txt;/dados/rmelo/PDPTW-SE/benchmark_multi_floor_v3/official_experiments/mip_gurobi/set_02_pt_02/logs/form_melo/timelines/10R_10V_02F_03M/lr201_timeline_genconfig_melo.txt;/dados/rmelo/PDPTW-SE/benchmark_multi_floor_v3/official_experiments/mip_gurobi/set_02_pt_02/logs/form_melo/gurobi/10R_10V_02F_03M/lr201_grb_genconfig_melo.log;True;1-29;False;0.05;8;genconfig_melo;9;0;1;0;1013.31;698.26;163955.0;3600.03;31.09;12019;11556;1460;220;30;10;10;193;193;9903;[];[];[];[];[];[];[];[];[];[];[];[];[];0.3;1.0;1.0;0.56;0.8;0.11;0.73;0.34;0.02;0.02;0.0;0.0;0.07
lr201;10R_10V_02F_04M;t2;lr201_t2_10R_10V_02F_04M;52;10;[   0   79 1080 1070 1052 1042 1047 1011    6];/dados/rmelo/PDPTW-SE/benchmark_multi_floor_v3/official_experiments/mip_gurobi/set_02_pt_02/../../../instances/orig_ams_fg/10R_10V_02F_04M/t2/lr201/;form;melo;/dados/rmelo/PDPTW-SE/benchmark_multi_floor_v3/official_experiments/mip_gurobi/set_02_pt_02/configs/genconfig_melo.conf;tightest_tw;0;4;Gurobi;7200;1;0;-1;1;-1;1;False;/dados/rmelo/PDPTW-SE/benchmark_multi_floor_v3/official_experiments/mip_gurobi/set_02_pt_02/logs/;0.0;0.5;False;0;0.2;1000000;1;0;0;M;60;M;60;30.0;0;50;95;1.0;1.0;1.0;1.0;True;H;100.0;100.0;0.95;3600;3600;/dados/rmelo/PDPTW-SE/benchmark_multi_floor_v3/official_experiments/mip_gurobi/set_02_pt_02/logs/form_melo/outputs/csvresults_form_melo.csv;/dados/rmelo/PDPTW-SE/benchmark_multi_floor_v3/official_experiments/mip_gurobi/set_02_pt_02/logs/form_melo/solutions/10R_10V_02F_04M/lr201_sol_genconfig_melo.txt;/dados/rmelo/PDPTW-SE/benchmark_multi_floor_v3/official_experiments/mip_gurobi/set_02_pt_02/logs/form_melo/timelines/10R_10V_02F_04M/lr201_timeline_genconfig_melo.txt;/dados/rmelo/PDPTW-SE/benchmark_multi_floor_v3/official_experiments/mip_gurobi/set_02_pt_02/logs/form_melo/gurobi/10R_10V_02F_04M/lr201_grb_genconfig_melo.log;True;1-29;False;0.05;8;genconfig_melo;2;1;0;0;1013.31;1013.31;466673.0;3598.11;0.0;15395;14868;1460;220;30;10;10;257;257;13151;[];[];[];[];[];[];[];[];[];[];[];[];[];0.3;1.0;1.0;0.56;0.85;0.11;0.73;0.34;0.02;0.01;0.01;0.01;0.07
lr202;10R_10V_02F_03M;t2;lr202_t2_10R_10V_02F_03M;46;10;[   0   70 1081 1071 1047 1037 1042 1011    6];/dados/rmelo/PDPTW-SE/benchmark_multi_floor_v3/official_experiments/mip_gurobi/set_02_pt_02/../../../instances/orig_ams_fg/10R_10V_02F_04M/t2/lr202/;form;melo;/dados/rmelo/PDPTW-SE/benchmark_multi_floor_v3/official_experiments/mip_gurobi/set_02_pt_02/configs/genconfig_melo.conf;tightest_tw;0;3;Gurobi;7200;1;0;-1;1;-1;1;False;/dados/rmelo/PDPTW-SE/benchmark_multi_floor_v3/official_experiments/mip_gurobi/set_02_pt_02/logs/;0.0;0.5;False;0;0.2;1000000;1;0;0;M;60;M;60;30.0;0;50;95;1.0;1.0;1.0;1.0;True;H;100.0;100.0;0.95;3600;3600;/dados/rmelo/PDPTW-SE/benchmark_multi_floor_v3/official_experiments/mip_gurobi/set_02_pt_02/logs/form_melo/outputs/csvresults_form_melo.csv;/dados/rmelo/PDPTW-SE/benchmark_multi_floor_v3/official_experiments/mip_gurobi/set_02_pt_02/logs/form_melo/solutions/10R_10V_02F_03M/lr202_sol_genconfig_melo.txt;/dados/rmelo/PDPTW-SE/benchmark_multi_floor_v3/official_experiments/mip_gurobi/set_02_pt_02/logs/form_melo/timelines/10R_10V_02F_03M/lr202_timeline_genconfig_melo.txt;/dados/rmelo/PDPTW-SE/benchmark_multi_floor_v3/official_experiments/mip_gurobi/set_02_pt_02/logs/form_melo/gurobi/10R_10V_02F_03M/lr202_grb_genconfig_melo.log;True;1-29;False;0.05;8;genconfig_melo;9;0;1;0;910.85;0.0;42425.0;3600.09;100.0;41301;40668;2400;220;30;10;10;363;363;37905;[];[];[];[];[];[];[];[];[];[];[];[];[];0.3;1.0;0.78;0.67;0.74;0.16;0.43;0.3;0.01;0.01;0.0;0.01;0.02
lr202;10R_10V_02F_04M;t2;lr202_t2_10R_10V_02F_04M;46;10;[   0   70 1081 1071 1048 1038 1043 1011    6];/dados/rmelo/PDPTW-SE/benchmark_multi_floor_v3/official_experiments/mip_gurobi/set_02_pt_02/../../../instances/orig_ams_fg/10R_10V_02F_04M/t2/lr202/;form;melo;/dados/rmelo/PDPTW-SE/benchmark_multi_floor_v3/official_experiments/mip_gurobi/set_02_pt_02/configs/genconfig_melo.conf;tightest_tw;0;4;Gurobi;7200;1;0;-1;1;-1;1;False;/dados/rmelo/PDPTW-SE/benchmark_multi_floor_v3/official_experiments/mip_gurobi/set_02_pt_02/logs/;0.0;0.5;False;0;0.2;1000000;1;0;0;M;60;M;60;30.0;0;50;95;1.0;1.0;1.0;1.0;True;H;100.0;100.0;0.95;3600;3600;/dados/rmelo/PDPTW-SE/benchmark_multi_floor_v3/official_experiments/mip_gurobi/set_02_pt_02/logs/form_melo/outputs/csvresults_form_melo.csv;/dados/rmelo/PDPTW-SE/benchmark_multi_floor_v3/official_experiments/mip_gurobi/set_02_pt_02/logs/form_melo/solutions/10R_10V_02F_04M/lr202_sol_genconfig_melo.txt;/dados/rmelo/PDPTW-SE/benchmark_multi_floor_v3/official_experiments/mip_gurobi/set_02_pt_02/logs/form_melo/timelines/10R_10V_02F_04M/lr202_timeline_genconfig_melo.txt;/dados/rmelo/PDPTW-SE/benchmark_multi_floor_v3/official_experiments/mip_gurobi/set_02_pt_02/logs/form_melo/gurobi/10R_10V_02F_04M/lr202_grb_genconfig_melo.log;True;1-29;False;0.05;8;genconfig_melo;9;0;1;0;910.25;0.0;25994.0;3600.05;100.0;53925;53172;2400;220;30;10;10;483;483;50289;[];[];[];[];[];[];[];[];[];[];[];[];[];0.3;0.5;0.78;0.43;0.66;0.16;0.43;0.3;0.01;0.01;0.0;0.0;0.02
lr203;10R_10V_02F_03M;t2;lr203_t2_10R_10V_02F_03M;58;10;[   0   88 1092 1082 1055 1045 1050 1011    6];/dados/rmelo/PDPTW-SE/benchmark_multi_floor_v3/official_experiments/mip_gurobi/set_02_pt_02/../../../instances/orig_ams_fg/10R_10V_02F_04M/t2/lr203/;form;melo;/dados/rmelo/PDPTW-SE/benchmark_multi_floor_v3/official_experiments/mip_gurobi/set_02_pt_02/configs/genconfig_melo.conf;tightest_tw;0;3;Gurobi;7200;1;0;-1;1;-1;1;False;/dados/rmelo/PDPTW-SE/benchmark_multi_floor_v3/official_experiments/mip_gurobi/set_02_pt_02/logs/;0.0;0.5;False;0;0.2;1000000;1;0;0;M;60;M;60;30.0;0;50;95;1.0;1.0;1.0;1.0;True;H;100.0;100.0;0.95;3600;3600;/dados/rmelo/PDPTW-SE/benchmark_multi_floor_v3/official_experiments/mip_gurobi/set_02_pt_02/logs/form_melo/outputs/csvresults_form_melo.csv;/dados/rmelo/PDPTW-SE/benchmark_multi_floor_v3/official_experiments/mip_gurobi/set_02_pt_02/logs/form_melo/solutions/10R_10V_02F_03M/lr203_sol_genconfig_melo.txt;/dados/rmelo/PDPTW-SE/benchmark_multi_floor_v3/official_experiments/mip_gurobi/set_02_pt_02/logs/form_melo/timelines/10R_10V_02F_03M/lr203_timeline_genconfig_melo.txt;/dados/rmelo/PDPTW-SE/benchmark_multi_floor_v3/official_experiments/mip_gurobi/set_02_pt_02/logs/form_melo/gurobi/10R_10V_02F_03M/lr203_grb_genconfig_melo.log;True;1-29;False;0.05;8;genconfig_melo;9;0;1;0;854.71;0.0;9643.0;3600.18;100.0;69880;69148;3210;220;30;10;10;462;462;65476;[];[];[];[];[];[];[];[];[];[];[];[];[];0.2;1.0;0.86;0.77;0.82;0.23;0.62;0.43;0.02;0.01;0.01;0.0;0.0
lr203;10R_10V_02F_04M;t2;lr203_t2_10R_10V_02F_04M;58;10;[   0   88 1092 1082 1055 1045 1050 1011    6];/dados/rmelo/PDPTW-SE/benchmark_multi_floor_v3/official_experiments/mip_gurobi/set_02_pt_02/../../../instances/orig_ams_fg/10R_10V_02F_04M/t2/lr203/;form;melo;/dados/rmelo/PDPTW-SE/benchmark_multi_floor_v3/official_experiments/mip_gurobi/set_02_pt_02/configs/genconfig_melo.conf;tightest_tw;0;4;Gurobi;7200;1;0;-1;1;-1;1;False;/dados/rmelo/PDPTW-SE/benchmark_multi_floor_v3/official_experiments/mip_gurobi/set_02_pt_02/logs/;0.0;0.5;False;0;0.2;1000000;1;0;0;M;60;M;60;30.0;0;50;95;1.0;1.0;1.0;1.0;True;H;100.0;100.0;0.95;3600;3600;/dados/rmelo/PDPTW-SE/benchmark_multi_floor_v3/official_experiments/mip_gurobi/set_02_pt_02/logs/form_melo/outputs/csvresults_form_melo.csv;/dados/rmelo/PDPTW-SE/benchmark_multi_floor_v3/official_experiments/mip_gurobi/set_02_pt_02/logs/form_melo/solutions/10R_10V_02F_04M/lr203_sol_genconfig_melo.txt;/dados/rmelo/PDPTW-SE/benchmark_multi_floor_v3/official_experiments/mip_gurobi/set_02_pt_02/logs/form_melo/timelines/10R_10V_02F_04M/lr203_timeline_genconfig_melo.txt;/dados/rmelo/PDPTW-SE/benchmark_multi_floor_v3/official_experiments/mip_gurobi/set_02_pt_02/logs/form_melo/gurobi/10R_10V_02F_04M/lr203_grb_genconfig_melo.log;True;1-29;False;0.05;8;genconfig_melo;9;0;1;0;832.08;0.0;4603.0;3600.18;100.0;91899;91013;3210;220;30;10;10;616;616;87187;[];[];[];[];[];[];[];[];[];[];[];[];[];0.2;0.75;0.97;0.96;0.97;0.23;0.6;0.42;0.02;0.01;0.0;0.0;0.02
lr204;10R_10V_02F_03M;t2;lr204_t2_10R_10V_02F_03M;38;10;[   0   58 1100 1090 1058 1048 1053 1011    6];/dados/rmelo/PDPTW-SE/benchmark_multi_floor_v3/official_experiments/mip_gurobi/set_02_pt_02/../../../instances/orig_ams_fg/10R_10V_02F_04M/t2/lr204/;form;melo;/dados/rmelo/PDPTW-SE/benchmark_multi_floor_v3/official_experiments/mip_gurobi/set_02_pt_02/configs/genconfig_melo.conf;tightest_tw;0;3;Gurobi;7200;1;0;-1;1;-1;1;False;/dados/rmelo/PDPTW-SE/benchmark_multi_floor_v3/official_experiments/mip_gurobi/set_02_pt_02/logs/;0.0;0.5;False;0;0.2;1000000;1;0;0;M;60;M;60;30.0;0;50;95;1.0;1.0;1.0;1.0;True;H;100.0;100.0;0.95;3600;3600;/dados/rmelo/PDPTW-SE/benchmark_multi_floor_v3/official_experiments/mip_gurobi/set_02_pt_02/logs/form_melo/outputs/csvresults_form_melo.csv;/dados/rmelo/PDPTW-SE/benchmark_multi_floor_v3/official_experiments/mip_gurobi/set_02_pt_02/logs/form_melo/solutions/10R_10V_02F_03M/lr204_sol_genconfig_melo.txt;/dados/rmelo/PDPTW-SE/benchmark_multi_floor_v3/official_experiments/mip_gurobi/set_02_pt_02/logs/form_melo/timelines/10R_10V_02F_03M/lr204_timeline_genconfig_melo.txt;/dados/rmelo/PDPTW-SE/benchmark_multi_floor_v3/official_experiments/mip_gurobi/set_02_pt_02/logs/form_melo/gurobi/10R_10V_02F_03M/lr204_grb_genconfig_melo.log;True;1-29;False;0.05;8;genconfig_melo;9;0;1;0;776.22;0.0;11219.0;3600.18;100.0;75027;74283;3720;220;30;10;10;474;474;70089;[];[];[];[];[];[];[];[];[];[];[];[];[];0.2;0.67;0.91;0.84;0.88;0.33;0.45;0.39;0.02;0.01;0.01;0.0;0.0
lr204;10R_10V_02F_04M;t2;lr204_t2_10R_10V_02F_04M;38;10;[   0   58 1097 1087 1058 1048 1053 1011    6];/dados/rmelo/PDPTW-SE/benchmark_multi_floor_v3/official_experiments/mip_gurobi/set_02_pt_02/../../../instances/orig_ams_fg/10R_10V_02F_04M/t2/lr204/;form;melo;/dados/rmelo/PDPTW-SE/benchmark_multi_floor_v3/official_experiments/mip_gurobi/set_02_pt_02/configs/genconfig_melo.conf;tightest_tw;0;4;Gurobi;7200;1;0;-1;1;-1;1;False;/dados/rmelo/PDPTW-SE/benchmark_multi_floor_v3/official_experiments/mip_gurobi/set_02_pt_02/logs/;0.0;0.5;False;0;0.2;1000000;1;0;0;M;60;M;60;30.0;0;50;95;1.0;1.0;1.0;1.0;True;H;100.0;100.0;0.95;3600;3600;/dados/rmelo/PDPTW-SE/benchmark_multi_floor_v3/official_experiments/mip_gurobi/set_02_pt_02/logs/form_melo/outputs/csvresults_form_melo.csv;/dados/rmelo/PDPTW-SE/benchmark_multi_floor_v3/official_experiments/mip_gurobi/set_02_pt_02/logs/form_melo/solutions/10R_10V_02F_04M/lr204_sol_genconfig_melo.txt;/dados/rmelo/PDPTW-SE/benchmark_multi_floor_v3/official_experiments/mip_gurobi/set_02_pt_02/logs/form_melo/timelines/10R_10V_02F_04M/lr204_timeline_genconfig_melo.txt;/dados/rmelo/PDPTW-SE/benchmark_multi_floor_v3/official_experiments/mip_gurobi/set_02_pt_02/logs/form_melo/gurobi/10R_10V_02F_04M/lr204_grb_genconfig_melo.log;True;1-29;False;0.05;8;genconfig_melo;9;0;1;0;796.13;0.0;6245.0;3600.16;100.0;98538;97636;3720;220;30;10;10;632;632;93284;[];[];[];[];[];[];[];[];[];[];[];[];[];0.2;0.75;0.85;0.62;0.74;0.36;0.43;0.4;0.02;0.01;0.0;0.0;0.0
lr205;10R_10V_02F_03M;t2;lr205_t2_10R_10V_02F_03M;52;10;[   0   79 1083 1073 1050 1040 1045 1011    6];/dados/rmelo/PDPTW-SE/benchmark_multi_floor_v3/official_experiments/mip_gurobi/set_02_pt_02/../../../instances/orig_ams_fg/10R_10V_02F_04M/t2/lr205/;form;melo;/dados/rmelo/PDPTW-SE/benchmark_multi_floor_v3/official_experiments/mip_gurobi/set_02_pt_02/configs/genconfig_melo.conf;tightest_tw;0;3;Gurobi;7200;1;0;-1;1;-1;1;False;/dados/rmelo/PDPTW-SE/benchmark_multi_floor_v3/official_experiments/mip_gurobi/set_02_pt_02/logs/;0.0;0.5;False;0;0.2;1000000;1;0;0;M;60;M;60;30.0;0;50;95;1.0;1.0;1.0;1.0;True;H;100.0;100.0;0.95;3600;3600;/dados/rmelo/PDPTW-SE/benchmark_multi_floor_v3/official_experiments/mip_gurobi/set_02_pt_02/logs/form_melo/outputs/csvresults_form_melo.csv;/dados/rmelo/PDPTW-SE/benchmark_multi_floor_v3/official_experiments/mip_gurobi/set_02_pt_02/logs/form_melo/solutions/10R_10V_02F_03M/lr205_sol_genconfig_melo.txt;/dados/rmelo/PDPTW-SE/benchmark_multi_floor_v3/official_experiments/mip_gurobi/set_02_pt_02/logs/form_melo/timelines/10R_10V_02F_03M/lr205_timeline_genconfig_melo.txt;/dados/rmelo/PDPTW-SE/benchmark_multi_floor_v3/official_experiments/mip_gurobi/set_02_pt_02/logs/form_melo/gurobi/10R_10V_02F_03M/lr205_grb_genconfig_melo.log;True;1-29;False;0.05;8;genconfig_melo;9;0;1;0;911.37;0.0;20647.0;3600.04;100.0;40309;39674;2410;220;30;10;10;365;365;36899;[];[];[];[];[];[];[];[];[];[];[];[];[];0.2;1.0;0.88;0.77;0.83;0.28;0.63;0.46;0.02;0.01;0.01;0.01;0.01
lr205;10R_10V_02F_04M;t2;lr205_t2_10R_10V_02F_04M;52;10;[   0   79 1083 1073 1051 1041 1046 1011    6];/dados/rmelo/PDPTW-SE/benchmark_multi_floor_v3/official_experiments/mip_gurobi/set_02_pt_02/../../../instances/orig_ams_fg/10R_10V_02F_04M/t2/lr205/;form;melo;/dados/rmelo/PDPTW-SE/benchmark_multi_floor_v3/official_experiments/mip_gurobi/set_02_pt_02/configs/genconfig_melo.conf;tightest_tw;0;4;Gurobi;7200;1;0;-1;1;-1;1;False;/dados/rmelo/PDPTW-SE/benchmark_multi_floor_v3/official_experiments/mip_gurobi/set_02_pt_02/logs/;0.0;0.5;False;0;0.2;1000000;1;0;0;M;60;M;60;30.0;0;50;95;1.0;1.0;1.0;1.0;True;H;100.0;100.0;0.95;3600;3600;/dados/rmelo/PDPTW-SE/benchmark_multi_floor_v3/official_experiments/mip_gurobi/set_02_pt_02/logs/form_melo/outputs/csvresults_form_melo.csv;/dados/rmelo/PDPTW-SE/benchmark_multi_floor_v3/official_experiments/mip_gurobi/set_02_pt_02/logs/form_melo/solutions/10R_10V_02F_04M/lr205_sol_genconfig_melo.txt;/dados/rmelo/PDPTW-SE/benchmark_multi_floor_v3/official_experiments/mip_gurobi/set_02_pt_02/logs/form_melo/timelines/10R_10V_02F_04M/lr205_timeline_genconfig_melo.txt;/dados/rmelo/PDPTW-SE/benchmark_multi_floor_v3/official_experiments/mip_gurobi/set_02_pt_02/logs/form_melo/gurobi/10R_10V_02F_04M/lr205_grb_genconfig_melo.log;True;1-29;False;0.05;8;genconfig_melo;9;0;1;0;878.8;105.4;18721.0;3600.11;88.01;53207;52450;2410;220;30;10;10;487;487;49553;[];[];[];[];[];[];[];[];[];[];[];[];[];0.2;0.5;1.0;0.72;0.86;0.29;0.59;0.44;0.02;0.02;0.01;0.0;0.0
lr201;10R_10V_04F_03M;t2;lr201_t2_10R_10V_04F_03M;52;10;[   0   79 1085 1075 1052 1042 1057 1031   16];/dados/rmelo/PDPTW-SE/benchmark_multi_floor_v3/official_experiments/mip_gurobi/set_02_pt_02/../../../instances/orig_ams_fg/10R_10V_04F_04M/t2/lr201/;form;melo;/dados/rmelo/PDPTW-SE/benchmark_multi_floor_v3/official_experiments/mip_gurobi/set_02_pt_02/configs/genconfig_melo.conf;tightest_tw;0;3;Gurobi;7200;1;0;-1;1;-1;1;False;/dados/rmelo/PDPTW-SE/benchmark_multi_floor_v3/official_experiments/mip_gurobi/set_02_pt_02/logs/;0.0;0.5;False;0;0.2;1000000;1;0;0;M;60;M;60;30.0;0;50;95;1.0;1.0;1.0;1.0;True;H;100.0;100.0;0.95;3600;3600;/dados/rmelo/PDPTW-SE/benchmark_multi_floor_v3/official_experiments/mip_gurobi/set_02_pt_02/logs/form_melo/outputs/csvresults_form_melo.csv;/dados/rmelo/PDPTW-SE/benchmark_multi_floor_v3/official_experiments/mip_gurobi/set_02_pt_02/logs/form_melo/solutions/10R_10V_04F_03M/lr201_sol_genconfig_melo.txt;/dados/rmelo/PDPTW-SE/benchmark_multi_floor_v3/official_experiments/mip_gurobi/set_02_pt_02/logs/form_melo/timelines/10R_10V_04F_03M/lr201_timeline_genconfig_melo.txt;/dados/rmelo/PDPTW-SE/benchmark_multi_floor_v3/official_experiments/mip_gurobi/set_02_pt_02/logs/form_melo/gurobi/10R_10V_04F_03M/lr201_grb_genconfig_melo.log;True;1-29;False;0.05;8;genconfig_melo;9;0;1;0;1250.43;189.84;19482.0;3600.04;84.82;25383;24809;1430;220;30;10;10;304;304;23075;[];[];[];[];[];[];[];[];[];[];[];[];[];0.4;1.0;1.0;0.26;0.63;0.13;0.69;0.31;0.07;0.05;0.02;0.04;0.05
lr201;10R_10V_04F_04M;t2;lr201_t2_10R_10V_04F_04M;52;10;[   0   79 1084 1074 1052 1042 1057 1031   16];/dados/rmelo/PDPTW-SE/benchmark_multi_floor_v3/official_experiments/mip_gurobi/set_02_pt_02/../../../instances/orig_ams_fg/10R_10V_04F_04M/t2/lr201/;form;melo;/dados/rmelo/PDPTW-SE/benchmark_multi_floor_v3/official_experiments/mip_gurobi/set_02_pt_02/configs/genconfig_melo.conf;tightest_tw;0;4;Gurobi;7200;1;0;-1;1;-1;1;False;/dados/rmelo/PDPTW-SE/benchmark_multi_floor_v3/official_experiments/mip_gurobi/set_02_pt_02/logs/;0.0;0.5;False;0;0.2;1000000;1;0;0;M;60;M;60;30.0;0;50;95;1.0;1.0;1.0;1.0;True;H;100.0;100.0;0.95;3600;3600;/dados/rmelo/PDPTW-SE/benchmark_multi_floor_v3/official_experiments/mip_gurobi/set_02_pt_02/logs/form_melo/outputs/csvresults_form_melo.csv;/dados/rmelo/PDPTW-SE/benchmark_multi_floor_v3/official_experiments/mip_gurobi/set_02_pt_02/logs/form_melo/solutions/10R_10V_04F_04M/lr201_sol_genconfig_melo.txt;/dados/rmelo/PDPTW-SE/benchmark_multi_floor_v3/official_experiments/mip_gurobi/set_02_pt_02/logs/form_melo/timelines/10R_10V_04F_04M/lr201_timeline_genconfig_melo.txt;/dados/rmelo/PDPTW-SE/benchmark_multi_floor_v3/official_experiments/mip_gurobi/set_02_pt_02/logs/form_melo/gurobi/10R_10V_04F_04M/lr201_grb_genconfig_melo.log;True;1-29;False;0.05;8;genconfig_melo;9;0;1;0;1246.41;291.78;30155.0;3600.11;76.59;32945;32272;1430;220;30;10;10;403;403;30439;[];[];[];[];[];[];[];[];[];[];[];[];[];0.4;1.0;0.9;0.26;0.59;0.13;0.69;0.31;0.06;0.04;0.02;0.03;0.04
lr202;10R_10V_04F_03M;t2;lr202_t2_10R_10V_04F_03M;46;10;[   0   70 1089 1079 1047 1037 1052 1031   16];/dados/rmelo/PDPTW-SE/benchmark_multi_floor_v3/official_experiments/mip_gurobi/set_02_pt_02/../../../instances/orig_ams_fg/10R_10V_04F_04M/t2/lr202/;form;melo;/dados/rmelo/PDPTW-SE/benchmark_multi_floor_v3/official_experiments/mip_gurobi/set_02_pt_02/configs/genconfig_melo.conf;tightest_tw;0;3;Gurobi;7200;1;0;-1;1;-1;1;False;/dados/rmelo/PDPTW-SE/benchmark_multi_floor_v3/official_experiments/mip_gurobi/set_02_pt_02/logs/;0.0;0.5;False;0;0.2;1000000;1;0;0;M;60;M;60;30.0;0;50;95;1.0;1.0;1.0;1.0;True;H;100.0;100.0;0.95;3600;3600;/dados/rmelo/PDPTW-SE/benchmark_multi_floor_v3/official_experiments/mip_gurobi/set_02_pt_02/logs/form_melo/outputs/csvresults_form_melo.csv;/dados/rmelo/PDPTW-SE/benchmark_multi_floor_v3/official_experiments/mip_gurobi/set_02_pt_02/logs/form_melo/solutions/10R_10V_04F_03M/lr202_sol_genconfig_melo.txt;/dados/rmelo/PDPTW-SE/benchmark_multi_floor_v3/official_experiments/mip_gurobi/set_02_pt_02/logs/form_melo/timelines/10R_10V_04F_03M/lr202_timeline_genconfig_melo.txt;/dados/rmelo/PDPTW-SE/benchmark_multi_floor_v3/official_experiments/mip_gurobi/set_02_pt_02/logs/form_melo/gurobi/10R_10V_04F_03M/lr202_grb_genconfig_melo.log;True;1-29;False;0.05;8;genconfig_melo;9;0;1;0;1272.94;0.0;4222.0;3600.07;100.0;82167;81370;2320;220;30;10;10;527;527;78523;[];[];[];[];[];[];[];[];[];[];[];[];[];0.4;1.0;0.78;0.63;0.71;0.17;0.48;0.32;0.08;0.05;0.02;0.0;0.0
lr202;10R_10V_04F_04M;t2;lr202_t2_10R_10V_04F_04M;46;10;[   0   70 1089 1079 1048 1038 1053 1031   16];/dados/rmelo/PDPTW-SE/benchmark_multi_floor_v3/official_experiments/mip_gurobi/set_02_pt_02/../../../instances/orig_ams_fg/10R_10V_04F_04M/t2/lr202/;form;melo;/dados/rmelo/PDPTW-SE/benchmark_multi_floor_v3/official_experiments/mip_gurobi/set_02_pt_02/configs/genconfig_melo.conf;tightest_tw;0;4;Gurobi;7200;1;0;-1;1;-1;1;False;/dados/rmelo/PDPTW-SE/benchmark_multi_floor_v3/official_experiments/mip_gurobi/set_02_pt_02/logs/;0.0;0.5;False;0;0.2;1000000;1;0;0;M;60;M;60;30.0;0;50;95;1.0;1.0;1.0;1.0;True;H;100.0;100.0;0.95;3600;3600;/dados/rmelo/PDPTW-SE/benchmark_multi_floor_v3/official_experiments/mip_gurobi/set_02_pt_02/logs/form_melo/outputs/csvresults_form_melo.csv;/dados/rmelo/PDPTW-SE/benchmark_multi_floor_v3/official_experiments/mip_gurobi/set_02_pt_02/logs/form_melo/solutions/10R_10V_04F_04M/lr202_sol_genconfig_melo.txt;/dados/rmelo/PDPTW-SE/benchmark_multi_floor_v3/official_experiments/mip_gurobi/set_02_pt_02/logs/form_melo/timelines/10R_10V_04F_04M/lr202_timeline_genconfig_melo.txt;/dados/rmelo/PDPTW-SE/benchmark_multi_floor_v3/official_experiments/mip_gurobi/set_02_pt_02/logs/form_melo/gurobi/10R_10V_04F_04M/lr202_grb_genconfig_melo.log;True;1-29;False;0.05;8;genconfig_melo;9;0;1;0;1307.59;0.0;2261.0;3600.16;100.0;108424;107452;2320;220;30;10;10;702;702;104430;[];[];[];[];[];[];[];[];[];[];[];[];[];0.4;0.75;0.78;0.5;0.62;0.16;0.51;0.33;0.08;0.05;0.03;0.0;0.0
lr203;10R_10V_04F_03M;t2;lr203_t2_10R_10V_04F_03M;58;10;[   0   88 1102 1092 1055 1045 1060 1031   16];/dados/rmelo/PDPTW-SE/benchmark_multi_floor_v3/official_experiments/mip_gurobi/set_02_pt_02/../../../instances/orig_ams_fg/10R_10V_04F_04M/t2/lr203/;form;melo;/dados/rmelo/PDPTW-SE/benchmark_multi_floor_v3/official_experiments/mip_gurobi/set_02_pt_02/configs/genconfig_melo.conf;tightest_tw;0;3;Gurobi;7200;1;0;-1;1;-1;1;False;/dados/rmelo/PDPTW-SE/benchmark_multi_floor_v3/official_experiments/mip_gurobi/set_02_pt_02/logs/;0.0;0.5;False;0;0.2;1000000;1;0;0;M;60;M;60;30.0;0;50;95;1.0;1.0;1.0;1.0;True;H;100.0;100.0;0.95;3600;3600;/dados/rmelo/PDPTW-SE/benchmark_multi_floor_v3/official_experiments/mip_gurobi/set_02_pt_02/logs/form_melo/outputs/csvresults_form_melo.csv;/dados/rmelo/PDPTW-SE/benchmark_multi_floor_v3/official_experiments/mip_gurobi/set_02_pt_02/logs/form_melo/solutions/10R_10V_04F_03M/lr203_sol_genconfig_melo.txt;/dados/rmelo/PDPTW-SE/benchmark_multi_floor_v3/official_experiments/mip_gurobi/set_02_pt_02/logs/form_melo/timelines/10R_10V_04F_03M/lr203_timeline_genconfig_melo.txt;/dados/rmelo/PDPTW-SE/benchmark_multi_floor_v3/official_experiments/mip_gurobi/set_02_pt_02/logs/form_melo/gurobi/10R_10V_04F_03M/lr203_grb_genconfig_melo.log;True;1-29;False;0.05;8;genconfig_melo;9;0;0;1;inf;0.0;1903.0;3600.11;;165163;164168;3200;220;30;10;10;725;725;160243;[];[];[];[];[];[];[];[];[];[];[];[];[];0.0;0.0;0.0;0.0;0.0;0.0;0.0;0.0;0.0;0.0;0.0;0.0;0.0
lr205;10R_10V_04F_03M;t2;lr205_t2_10R_10V_04F_03M;52;10;[   0   79 1091 1081 1050 1040 1055 1031   16];/dados/rmelo/PDPTW-SE/benchmark_multi_floor_v3/official_experiments/mip_gurobi/set_02_pt_02/../../../instances/orig_ams_fg/10R_10V_04F_04M/t2/lr205/;form;melo;/dados/rmelo/PDPTW-SE/benchmark_multi_floor_v3/official_experiments/mip_gurobi/set_02_pt_02/configs/genconfig_melo.conf;tightest_tw;0;3;Gurobi;7200;1;0;-1;1;-1;1;False;/dados/rmelo/PDPTW-SE/benchmark_multi_floor_v3/official_experiments/mip_gurobi/set_02_pt_02/logs/;0.0;0.5;False;0;0.2;1000000;1;0;0;M;60;M;60;30.0;0;50;95;1.0;1.0;1.0;1.0;True;H;100.0;100.0;0.95;3600;3600;/dados/rmelo/PDPTW-SE/benchmark_multi_floor_v3/official_experiments/mip_gurobi/set_02_pt_02/logs/form_melo/outputs/csvresults_form_melo.csv;/dados/rmelo/PDPTW-SE/benchmark_multi_floor_v3/official_experiments/mip_gurobi/set_02_pt_02/logs/form_melo/solutions/10R_10V_04F_03M/lr205_sol_genconfig_melo.txt;/dados/rmelo/PDPTW-SE/benchmark_multi_floor_v3/official_experiments/mip_gurobi/set_02_pt_02/logs/form_melo/timelines/10R_10V_04F_03M/lr205_timeline_genconfig_melo.txt;/dados/rmelo/PDPTW-SE/benchmark_multi_floor_v3/official_experiments/mip_gurobi/set_02_pt_02/logs/form_melo/gurobi/10R_10V_04F_03M/lr205_grb_genconfig_melo.log;True;1-29;False;0.05;8;genconfig_melo;9;0;1;0;1124.23;0.0;4073.0;3600.11;100.0;74651;73879;2280;220;30;10;10;502;502;71097;[];[];[];[];[];[];[];[];[];[];[];[];[];0.3;1.0;0.93;0.59;0.78;0.12;0.58;0.37;0.03;0.03;0.0;0.01;0.01
lr205;10R_10V_04F_04M;t2;lr205_t2_10R_10V_04F_04M;52;10;[   0   79 1091 1081 1051 1041 1056 1031   16];/dados/rmelo/PDPTW-SE/benchmark_multi_floor_v3/official_experiments/mip_gurobi/set_02_pt_02/../../../instances/orig_ams_fg/10R_10V_04F_04M/t2/lr205/;form;melo;/dados/rmelo/PDPTW-SE/benchmark_multi_floor_v3/official_experiments/mip_gurobi/set_02_pt_02/configs/genconfig_melo.conf;tightest_tw;0;4;Gurobi;7200;1;0;-1;1;-1;1;False;/dados/rmelo/PDPTW-SE/benchmark_multi_floor_v3/official_experiments/mip_gurobi/set_02_pt_02/logs/;0.0;0.5;False;0;0.2;1000000;1;0;0;M;60;M;60;30.0;0;50;95;1.0;1.0;1.0;1.0;True;H;100.0;100.0;0.95;3600;3600;/dados/rmelo/PDPTW-SE/benchmark_multi_floor_v3/official_experiments/mip_gurobi/set_02_pt_02/logs/form_melo/outputs/csvresults_form_melo.csv;/dados/rmelo/PDPTW-SE/benchmark_multi_floor_v3/official_experiments/mip_gurobi/set_02_pt_02/logs/form_melo/solutions/10R_10V_04F_04M/lr205_sol_genconfig_melo.txt;/dados/rmelo/PDPTW-SE/benchmark_multi_floor_v3/official_experiments/mip_gurobi/set_02_pt_02/logs/form_melo/timelines/10R_10V_04F_04M/lr205_timeline_genconfig_melo.txt;/dados/rmelo/PDPTW-SE/benchmark_multi_floor_v3/official_experiments/mip_gurobi/set_02_pt_02/logs/form_melo/gurobi/10R_10V_04F_04M/lr205_grb_genconfig_melo.log;True;1-29;False;0.05;8;genconfig_melo;9;0;1;0;1051.99;0.0;4360.0;3600.14;100.0;99064;98124;2290;220;30;10;10;670;670;95164;[];[];[];[];[];[];[];[];[];[];[];[];[];0.2;0.75;1.0;0.5;0.75;0.38;0.67;0.53;0.04;0.03;0.01;0.02;0.02
lr201;12R_12V_02F_03M;t2;lr201_t2_12R_12V_02F_03M;52;12;[   0   79 1086 1076 1051 1041 1046 1011    6];/dados/rmelo/PDPTW-SE/benchmark_multi_floor_v3/official_experiments/mip_gurobi/set_02_pt_02/../../../instances/orig_ams_fg/12R_12V_02F_04M/t2/lr201/;form;melo;/dados/rmelo/PDPTW-SE/benchmark_multi_floor_v3/official_experiments/mip_gurobi/set_02_pt_02/configs/genconfig_melo.conf;tightest_tw;0;3;Gurobi;7200;1;0;-1;1;-1;1;False;/dados/rmelo/PDPTW-SE/benchmark_multi_floor_v3/official_experiments/mip_gurobi/set_02_pt_02/logs/;0.0;0.5;False;0;0.2;1000000;1;0;0;M;60;M;60;30.0;0;50;95;1.0;1.0;1.0;1.0;True;H;100.0;100.0;0.95;3600;3600;/dados/rmelo/PDPTW-SE/benchmark_multi_floor_v3/official_experiments/mip_gurobi/set_02_pt_02/logs/form_melo/outputs/csvresults_form_melo.csv;/dados/rmelo/PDPTW-SE/benchmark_multi_floor_v3/official_experiments/mip_gurobi/set_02_pt_02/logs/form_melo/solutions/12R_12V_02F_03M/lr201_sol_genconfig_melo.txt;/dados/rmelo/PDPTW-SE/benchmark_multi_floor_v3/official_experiments/mip_gurobi/set_02_pt_02/logs/form_melo/timelines/12R_12V_02F_03M/lr201_timeline_genconfig_melo.txt;/dados/rmelo/PDPTW-SE/benchmark_multi_floor_v3/official_experiments/mip_gurobi/set_02_pt_02/logs/form_melo/gurobi/12R_12V_02F_03M/lr201_grb_genconfig_melo.log;True;1-29;False;0.05;8;genconfig_melo;9;0;1;0;1474.65;155.63;69125.0;3600.08;89.45;29824;29130;2544;312;36;12;12;322;322;26264;[];[];[];[];[];[];[];[];[];[];[];[];[];0.25;1.0;0.9;0.73;0.83;0.19;0.81;0.49;0.02;0.01;0.01;0.04;0.13
lr201;12R_12V_02F_04M;t2;lr201_t2_12R_12V_02F_04M;52;12;[   0   79 1085 1075 1051 1041 1046 1011    6];/dados/rmelo/PDPTW-SE/benchmark_multi_floor_v3/official_experiments/mip_gurobi/set_02_pt_02/../../../instances/orig_ams_fg/12R_12V_02F_04M/t2/lr201/;form;melo;/dados/rmelo/PDPTW-SE/benchmark_multi_floor_v3/official_experiments/mip_gurobi/set_02_pt_02/configs/genconfig_melo.conf;tightest_tw;0;4;Gurobi;7200;1;0;-1;1;-1;1;False;/dados/rmelo/PDPTW-SE/benchmark_multi_floor_v3/official_experiments/mip_gurobi/set_02_pt_02/logs/;0.0;0.5;False;0;0.2;1000000;1;0;0;M;60;M;60;30.0;0;50;95;1.0;1.0;1.0;1.0;True;H;100.0;100.0;0.95;3600;3600;/dados/rmelo/PDPTW-SE/benchmark_multi_floor_v3/official_experiments/mip_gurobi/set_02_pt_02/logs/form_melo/outputs/csvresults_form_melo.csv;/dados/rmelo/PDPTW-SE/benchmark_multi_floor_v3/official_experiments/mip_gurobi/set_02_pt_02/logs/form_melo/solutions/12R_12V_02F_04M/lr201_sol_genconfig_melo.txt;/dados/rmelo/PDPTW-SE/benchmark_multi_floor_v3/official_experiments/mip_gurobi/set_02_pt_02/logs/form_melo/timelines/12R_12V_02F_04M/lr201_timeline_genconfig_melo.txt;/dados/rmelo/PDPTW-SE/benchmark_multi_floor_v3/official_experiments/mip_gurobi/set_02_pt_02/logs/form_melo/gurobi/12R_12V_02F_04M/lr201_grb_genconfig_melo.log;True;1-29;False;0.05;8;genconfig_melo;9;0;1;0;1432.08;86.72;36481.0;3600.07;93.94;38864;38062;2544;312;36;12;12;430;430;35088;[];[];[];[];[];[];[];[];[];[];[];[];[];0.25;1.0;0.88;0.83;0.85;0.2;0.66;0.48;0.02;0.02;0.01;0.0;0.12
lr202;12R_12V_02F_03M;t2;lr202_t2_12R_12V_02F_03M;46;12;[   0   70 1080 1070 1046 1036 1041 1011    6];/dados/rmelo/PDPTW-SE/benchmark_multi_floor_v3/official_experiments/mip_gurobi/set_02_pt_02/../../../instances/orig_ams_fg/12R_12V_02F_04M/t2/lr202/;form;melo;/dados/rmelo/PDPTW-SE/benchmark_multi_floor_v3/official_experiments/mip_gurobi/set_02_pt_02/configs/genconfig_melo.conf;tightest_tw;0;3;Gurobi;7200;1;0;-1;1;-1;1;False;/dados/rmelo/PDPTW-SE/benchmark_multi_floor_v3/official_experiments/mip_gurobi/set_02_pt_02/logs/;0.0;0.5;False;0;0.2;1000000;1;0;0;M;60;M;60;30.0;0;50;95;1.0;1.0;1.0;1.0;True;H;100.0;100.0;0.95;3600;3600;/dados/rmelo/PDPTW-SE/benchmark_multi_floor_v3/official_experiments/mip_gurobi/set_02_pt_02/logs/form_melo/outputs/csvresults_form_melo.csv;/dados/rmelo/PDPTW-SE/benchmark_multi_floor_v3/official_experiments/mip_gurobi/set_02_pt_02/logs/form_melo/solutions/12R_12V_02F_03M/lr202_sol_genconfig_melo.txt;/dados/rmelo/PDPTW-SE/benchmark_multi_floor_v3/official_experiments/mip_gurobi/set_02_pt_02/logs/form_melo/timelines/12R_12V_02F_03M/lr202_timeline_genconfig_melo.txt;/dados/rmelo/PDPTW-SE/benchmark_multi_floor_v3/official_experiments/mip_gurobi/set_02_pt_02/logs/form_melo/gurobi/12R_12V_02F_03M/lr202_grb_genconfig_melo.log;True;1-29;False;0.05;8;genconfig_melo;9;0;1;0;975.97;0.0;2608.0;3600.18;100.0;102567;101619;4560;312;36;12;12;576;576;96483;[];[];[];[];[];[];[];[];[];[];[];[];[];0.25;1.0;0.97;0.78;0.9;0.17;0.41;0.33;0.02;0.01;0.01;0.0;0.0
lr202;12R_12V_02F_04M;t2;lr202_t2_12R_12V_02F_04M;46;12;[   0   70 1079 1069 1047 1037 1042 1011    6];/dados/rmelo/PDPTW-SE/benchmark_multi_floor_v3/official_experiments/mip_gurobi/set_02_pt_02/../../../instances/orig_ams_fg/12R_12V_02F_04M/t2/lr202/;form;melo;/dados/rmelo/PDPTW-SE/benchmark_multi_floor_v3/official_experiments/mip_gurobi/set_02_pt_02/configs/genconfig_melo.conf;tightest_tw;0;4;Gurobi;7200;1;0;-1;1;-1;1;False;/dados/rmelo/PDPTW-SE/benchmark_multi_floor_v3/official_experiments/mip_gurobi/set_02_pt_02/logs/;0.0;0.5;False;0;0.2;1000000;1;0;0;M;60;M;60;30.0;0;50;95;1.0;1.0;1.0;1.0;True;H;100.0;100.0;0.95;3600;3600;/dados/rmelo/PDPTW-SE/benchmark_multi_floor_v3/official_experiments/mip_gurobi/set_02_pt_02/logs/form_melo/outputs/csvresults_form_melo.csv;/dados/rmelo/PDPTW-SE/benchmark_multi_floor_v3/official_experiments/mip_gurobi/set_02_pt_02/logs/form_melo/solutions/12R_12V_02F_04M/lr202_sol_genconfig_melo.txt;/dados/rmelo/PDPTW-SE/benchmark_multi_floor_v3/official_experiments/mip_gurobi/set_02_pt_02/logs/form_melo/timelines/12R_12V_02F_04M/lr202_timeline_genconfig_melo.txt;/dados/rmelo/PDPTW-SE/benchmark_multi_floor_v3/official_experiments/mip_gurobi/set_02_pt_02/logs/form_melo/gurobi/12R_12V_02F_04M/lr202_grb_genconfig_melo.log;True;1-29;False;0.05;8;genconfig_melo;9;0;1;0;994.74;0.0;2295.0;3601.12;100.0;134807;133668;4560;312;36;12;12;767;767;128341;[];[];[];[];[];[];[];[];[];[];[];[];[];0.25;1.0;1.0;0.43;0.69;0.17;0.47;0.33;0.02;0.01;0.01;0.0;0.02
lr203;12R_12V_02F_03M;t2;lr203_t2_12R_12V_02F_03M;58;12;[   0   88 1093 1083 1055 1045 1050 1011    6];/dados/rmelo/PDPTW-SE/benchmark_multi_floor_v3/official_experiments/mip_gurobi/set_02_pt_02/../../../instances/orig_ams_fg/12R_12V_02F_04M/t2/lr203/;form;melo;/dados/rmelo/PDPTW-SE/benchmark_multi_floor_v3/official_experiments/mip_gurobi/set_02_pt_02/configs/genconfig_melo.conf;tightest_tw;0;3;Gurobi;7200;1;0;-1;1;-1;1;False;/dados/rmelo/PDPTW-SE/benchmark_multi_floor_v3/official_experiments/mip_gurobi/set_02_pt_02/logs/;0.0;0.5;False;0;0.2;1000000;1;0;0;M;60;M;60;30.0;0;50;95;1.0;1.0;1.0;1.0;True;H;100.0;100.0;0.95;3600;3600;/dados/rmelo/PDPTW-SE/benchmark_multi_floor_v3/official_experiments/mip_gurobi/set_02_pt_02/logs/form_melo/outputs/csvresults_form_melo.csv;/dados/rmelo/PDPTW-SE/benchmark_multi_floor_v3/official_experiments/mip_gurobi/set_02_pt_02/logs/form_melo/solutions/12R_12V_02F_03M/lr203_sol_genconfig_melo.txt;/dados/rmelo/PDPTW-SE/benchmark_multi_floor_v3/official_experiments/mip_gurobi/set_02_pt_02/logs/form_melo/timelines/12R_12V_02F_03M/lr203_timeline_genconfig_melo.txt;/dados/rmelo/PDPTW-SE/benchmark_multi_floor_v3/official_experiments/mip_gurobi/set_02_pt_02/logs/form_melo/gurobi/12R_12V_02F_03M/lr203_grb_genconfig_melo.log;True;1-29;False;0.05;8;genconfig_melo;9;0;1;0;965.37;0.0;2064.0;3600.25;100.0;117175;116199;5268;312;36;12;12;604;604;110327;[];[];[];[];[];[];[];[];[];[];[];[];[];0.25;1.0;0.81;0.15;0.56;0.21;0.42;0.32;0.02;0.01;0.01;0.0;0.01
lr203;12R_12V_02F_04M;t2;lr203_t2_12R_12V_02F_04M;58;12;[   0   88 1093 1083 1055 1045 1050 1011    6];/dados/rmelo/PDPTW-SE/benchmark_multi_floor_v3/official_experiments/mip_gurobi/set_02_pt_02/../../../instances/orig_ams_fg/12R_12V_02F_04M/t2/lr203/;form;melo;/dados/rmelo/PDPTW-SE/benchmark_multi_floor_v3/official_experiments/mip_gurobi/set_02_pt_02/configs/genconfig_melo.conf;tightest_tw;0;4;Gurobi;7200;1;0;-1;1;-1;1;False;/dados/rmelo/PDPTW-SE/benchmark_multi_floor_v3/official_experiments/mip_gurobi/set_02_pt_02/logs/;0.0;0.5;False;0;0.2;1000000;1;0;0;M;60;M;60;30.0;0;50;95;1.0;1.0;1.0;1.0;True;H;100.0;100.0;0.95;3600;3600;/dados/rmelo/PDPTW-SE/benchmark_multi_floor_v3/official_experiments/mip_gurobi/set_02_pt_02/logs/form_melo/outputs/csvresults_form_melo.csv;/dados/rmelo/PDPTW-SE/benchmark_multi_floor_v3/official_experiments/mip_gurobi/set_02_pt_02/logs/form_melo/solutions/12R_12V_02F_04M/lr203_sol_genconfig_melo.txt;/dados/rmelo/PDPTW-SE/benchmark_multi_floor_v3/official_experiments/mip_gurobi/set_02_pt_02/logs/form_melo/timelines/12R_12V_02F_04M/lr203_timeline_genconfig_melo.txt;/dados/rmelo/PDPTW-SE/benchmark_multi_floor_v3/official_experiments/mip_gurobi/set_02_pt_02/logs/form_melo/gurobi/12R_12V_02F_04M/lr203_grb_genconfig_melo.log;True;1-29;False;0.05;8;genconfig_melo;9;0;1;0;1011.98;0.0;1948.0;3601.01;100.0;156898;155714;5304;312;36;12;12;812;812;149598;[];[];[];[];[];[];[];[];[];[];[];[];[];0.25;0.75;1.0;0.42;0.8;0.09;0.73;0.34;0.02;0.01;0.0;0.0;0.03
lr204;12R_12V_02F_03M;t2;lr204_t2_12R_12V_02F_03M;38;12;[   0   58 1104 1094 1058 1048 1053 1011    6];/dados/rmelo/PDPTW-SE/benchmark_multi_floor_v3/official_experiments/mip_gurobi/set_02_pt_02/../../../instances/orig_ams_fg/12R_12V_02F_04M/t2/lr204/;form;melo;/dados/rmelo/PDPTW-SE/benchmark_multi_floor_v3/official_experiments/mip_gurobi/set_02_pt_02/configs/genconfig_melo.conf;tightest_tw;0;3;Gurobi;7200;1;0;-1;1;-1;1;False;/dados/rmelo/PDPTW-SE/benchmark_multi_floor_v3/official_experiments/mip_gurobi/set_02_pt_02/logs/;0.0;0.5;False;0;0.2;1000000;1;0;0;M;60;M;60;30.0;0;50;95;1.0;1.0;1.0;1.0;True;H;100.0;100.0;0.95;3600;3600;/dados/rmelo/PDPTW-SE/benchmark_multi_floor_v3/official_experiments/mip_gurobi/set_02_pt_02/logs/form_melo/outputs/csvresults_form_melo.csv;/dados/rmelo/PDPTW-SE/benchmark_multi_floor_v3/official_experiments/mip_gurobi/set_02_pt_02/logs/form_melo/solutions/12R_12V_02F_03M/lr204_sol_genconfig_melo.txt;/dados/rmelo/PDPTW-SE/benchmark_multi_floor_v3/official_experiments/mip_gurobi/set_02_pt_02/logs/form_melo/timelines/12R_12V_02F_03M/lr204_timeline_genconfig_melo.txt;/dados/rmelo/PDPTW-SE/benchmark_multi_floor_v3/official_experiments/mip_gurobi/set_02_pt_02/logs/form_melo/gurobi/12R_12V_02F_03M/lr204_grb_genconfig_melo.log;True;1-29;False;0.05;8;genconfig_melo;9;0;1;0;975.75;0.0;1805.0;3601.64;100.0;140478;139467;6564;312;36;12;12;639;639;132264;[];[];[];[];[];[];[];[];[];[];[];[];[];0.17;0.67;0.97;0.81;0.89;0.37;0.6;0.49;0.01;0.0;0.0;0.0;0.0
lr205;12R_12V_02F_03M;t2;lr205_t2_12R_12V_02F_03M;58;12;[   0   88 1086 1076 1052 1042 1047 1011    6];/dados/rmelo/PDPTW-SE/benchmark_multi_floor_v3/official_experiments/mip_gurobi/set_02_pt_02/../../../instances/orig_ams_fg/12R_12V_02F_04M/t2/lr205/;form;melo;/dados/rmelo/PDPTW-SE/benchmark_multi_floor_v3/official_experiments/mip_gurobi/set_02_pt_02/configs/genconfig_melo.conf;tightest_tw;0;3;Gurobi;7200;1;0;-1;1;-1;1;False;/dados/rmelo/PDPTW-SE/benchmark_multi_floor_v3/official_experiments/mip_gurobi/set_02_pt_02/logs/;0.0;0.5;False;0;0.2;1000000;1;0;0;M;60;M;60;30.0;0;50;95;1.0;1.0;1.0;1.0;True;H;100.0;100.0;0.95;3600;3600;/dados/rmelo/PDPTW-SE/benchmark_multi_floor_v3/official_experiments/mip_gurobi/set_02_pt_02/logs/form_melo/outputs/csvresults_form_melo.csv;/dados/rmelo/PDPTW-SE/benchmark_multi_floor_v3/official_experiments/mip_gurobi/set_02_pt_02/logs/form_melo/solutions/12R_12V_02F_03M/lr205_sol_genconfig_melo.txt;/dados/rmelo/PDPTW-SE/benchmark_multi_floor_v3/official_experiments/mip_gurobi/set_02_pt_02/logs/form_melo/timelines/12R_12V_02F_03M/lr205_timeline_genconfig_melo.txt;/dados/rmelo/PDPTW-SE/benchmark_multi_floor_v3/official_experiments/mip_gurobi/set_02_pt_02/logs/form_melo/gurobi/12R_12V_02F_03M/lr205_grb_genconfig_melo.log;True;1-29;False;0.05;8;genconfig_melo;9;0;1;0;1054.95;0.0;4344.0;3600.12;100.0;87393;86484;4164;312;36;12;12;537;537;81783;[];[];[];[];[];[];[];[];[];[];[];[];[];0.25;1.0;0.91;0.79;0.85;0.15;0.52;0.35;0.01;0.01;0.0;0.0;0.04
lr205;12R_12V_02F_04M;t2;lr205_t2_12R_12V_02F_04M;58;12;[   0   88 1086 1076 1052 1042 1047 1011    6];/dados/rmelo/PDPTW-SE/benchmark_multi_floor_v3/official_experiments/mip_gurobi/set_02_pt_02/../../../instances/orig_ams_fg/12R_12V_02F_04M/t2/lr205/;form;melo;/dados/rmelo/PDPTW-SE/benchmark_multi_floor_v3/official_experiments/mip_gurobi/set_02_pt_02/configs/genconfig_melo.conf;tightest_tw;0;4;Gurobi;7200;1;0;-1;1;-1;1;False;/dados/rmelo/PDPTW-SE/benchmark_multi_floor_v3/official_experiments/mip_gurobi/set_02_pt_02/logs/;0.0;0.5;False;0;0.2;1000000;1;0;0;M;60;M;60;30.0;0;50;95;1.0;1.0;1.0;1.0;True;H;100.0;100.0;0.95;3600;3600;/dados/rmelo/PDPTW-SE/benchmark_multi_floor_v3/official_experiments/mip_gurobi/set_02_pt_02/logs/form_melo/outputs/csvresults_form_melo.csv;/dados/rmelo/PDPTW-SE/benchmark_multi_floor_v3/official_experiments/mip_gurobi/set_02_pt_02/logs/form_melo/solutions/12R_12V_02F_04M/lr205_sol_genconfig_melo.txt;/dados/rmelo/PDPTW-SE/benchmark_multi_floor_v3/official_experiments/mip_gurobi/set_02_pt_02/logs/form_melo/timelines/12R_12V_02F_04M/lr205_timeline_genconfig_melo.txt;/dados/rmelo/PDPTW-SE/benchmark_multi_floor_v3/official_experiments/mip_gurobi/set_02_pt_02/logs/form_melo/gurobi/12R_12V_02F_04M/lr205_grb_genconfig_melo.log;True;1-29;False;0.05;8;genconfig_melo;9;0;1;0;1059.53;0.0;2629.0;3600.15;100.0;115302;114213;4164;312;36;12;12;717;717;109332;[];[];[];[];[];[];[];[];[];[];[];[];[];0.17;0.75;0.95;0.62;0.78;0.5;0.56;0.53;0.01;0.01;0.0;0.0;0.0
lr201;12R_12V_04F_03M;t2;lr201_t2_12R_12V_04F_03M;52;12;[   0   79 1087 1077 1051 1041 1056 1031   16];/dados/rmelo/PDPTW-SE/benchmark_multi_floor_v3/official_experiments/mip_gurobi/set_02_pt_02/../../../instances/orig_ams_fg/12R_12V_04F_04M/t2/lr201/;form;melo;/dados/rmelo/PDPTW-SE/benchmark_multi_floor_v3/official_experiments/mip_gurobi/set_02_pt_02/configs/genconfig_melo.conf;tightest_tw;0;3;Gurobi;7200;1;0;-1;1;-1;1;False;/dados/rmelo/PDPTW-SE/benchmark_multi_floor_v3/official_experiments/mip_gurobi/set_02_pt_02/logs/;0.0;0.5;False;0;0.2;1000000;1;0;0;M;60;M;60;30.0;0;50;95;1.0;1.0;1.0;1.0;True;H;100.0;100.0;0.95;3600;3600;/dados/rmelo/PDPTW-SE/benchmark_multi_floor_v3/official_experiments/mip_gurobi/set_02_pt_02/logs/form_melo/outputs/csvresults_form_melo.csv;/dados/rmelo/PDPTW-SE/benchmark_multi_floor_v3/official_experiments/mip_gurobi/set_02_pt_02/logs/form_melo/solutions/12R_12V_04F_03M/lr201_sol_genconfig_melo.txt;/dados/rmelo/PDPTW-SE/benchmark_multi_floor_v3/official_experiments/mip_gurobi/set_02_pt_02/logs/form_melo/timelines/12R_12V_04F_03M/lr201_timeline_genconfig_melo.txt;/dados/rmelo/PDPTW-SE/benchmark_multi_floor_v3/official_experiments/mip_gurobi/set_02_pt_02/logs/form_melo/gurobi/12R_12V_04F_03M/lr201_grb_genconfig_melo.log;True;1-29;False;0.05;8;genconfig_melo;9;0;1;0;1719.57;0.0;7849.0;3600.08;100.0;59715;58873;2448;312;36;12;12;470;470;55955;[];[];[];[];[];[];[];[];[];[];[];[];[];0.33;1.0;0.96;0.33;0.58;0.13;0.75;0.43;0.1;0.06;0.04;0.06;0.08
lr201;12R_12V_04F_04M;t2;lr201_t2_12R_12V_04F_04M;52;12;[   0   79 1085 1075 1051 1041 1056 1031   16];/dados/rmelo/PDPTW-SE/benchmark_multi_floor_v3/official_experiments/mip_gurobi/set_02_pt_02/../../../instances/orig_ams_fg/12R_12V_04F_04M/t2/lr201/;form;melo;/dados/rmelo/PDPTW-SE/benchmark_multi_floor_v3/official_experiments/mip_gurobi/set_02_pt_02/configs/genconfig_melo.conf;tightest_tw;0;4;Gurobi;7200;1;0;-1;1;-1;1;False;/dados/rmelo/PDPTW-SE/benchmark_multi_floor_v3/official_experiments/mip_gurobi/set_02_pt_02/logs/;0.0;0.5;False;0;0.2;1000000;1;0;0;M;60;M;60;30.0;0;50;95;1.0;1.0;1.0;1.0;True;H;100.0;100.0;0.95;3600;3600;/dados/rmelo/PDPTW-SE/benchmark_multi_floor_v3/official_experiments/mip_gurobi/set_02_pt_02/logs/form_melo/outputs/csvresults_form_melo.csv;/dados/rmelo/PDPTW-SE/benchmark_multi_floor_v3/official_experiments/mip_gurobi/set_02_pt_02/logs/form_melo/solutions/12R_12V_04F_04M/lr201_sol_genconfig_melo.txt;/dados/rmelo/PDPTW-SE/benchmark_multi_floor_v3/official_experiments/mip_gurobi/set_02_pt_02/logs/form_melo/timelines/12R_12V_04F_04M/lr201_timeline_genconfig_melo.txt;/dados/rmelo/PDPTW-SE/benchmark_multi_floor_v3/official_experiments/mip_gurobi/set_02_pt_02/logs/form_melo/gurobi/12R_12V_04F_04M/lr201_grb_genconfig_melo.log;True;1-29;False;0.05;8;genconfig_melo;9;0;1;0;1642.0;0.0;4295.0;3600.08;100.0;78253;77256;2448;312;36;12;12;625;625;74183;[];[];[];[];[];[];[];[];[];[];[];[];[];0.33;1.0;0.88;0.5;0.78;0.24;0.58;0.41;0.07;0.04;0.03;0.0;0.13
lr202;12R_12V_04F_04M;t2;lr202_t2_12R_12V_04F_04M;46;12;[   0   70 1089 1079 1047 1037 1052 1031   16];/dados/rmelo/PDPTW-SE/benchmark_multi_floor_v3/official_experiments/mip_gurobi/set_02_pt_02/../../../instances/orig_ams_fg/12R_12V_04F_04M/t2/lr202/;form;melo;/dados/rmelo/PDPTW-SE/benchmark_multi_floor_v3/official_experiments/mip_gurobi/set_02_pt_02/configs/genconfig_melo.conf;tightest_tw;0;4;Gurobi;7200;1;0;-1;1;-1;1;False;/dados/rmelo/PDPTW-SE/benchmark_multi_floor_v3/official_experiments/mip_gurobi/set_02_pt_02/logs/;0.0;0.5;False;0;0.2;1000000;1;0;0;M;60;M;60;30.0;0;50;95;1.0;1.0;1.0;1.0;True;H;100.0;100.0;0.95;3600;3600;/dados/rmelo/PDPTW-SE/benchmark_multi_floor_v3/official_experiments/mip_gurobi/set_02_pt_02/logs/form_melo/outputs/csvresults_form_melo.csv;/dados/rmelo/PDPTW-SE/benchmark_multi_floor_v3/official_experiments/mip_gurobi/set_02_pt_02/logs/form_melo/solutions/12R_12V_04F_04M/lr202_sol_genconfig_melo.txt;/dados/rmelo/PDPTW-SE/benchmark_multi_floor_v3/official_experiments/mip_gurobi/set_02_pt_02/logs/form_melo/timelines/12R_12V_04F_04M/lr202_timeline_genconfig_melo.txt;/dados/rmelo/PDPTW-SE/benchmark_multi_floor_v3/official_experiments/mip_gurobi/set_02_pt_02/logs/form_melo/gurobi/12R_12V_04F_04M/lr202_grb_genconfig_melo.log;True;1-29;False;0.05;8;genconfig_melo;9;0;1;0;1392.09;0.0;1144.0;3602.01;100.0;283993;282490;4476;312;36;12;12;1131;1131;276883;[];[];[];[];[];[];[];[];[];[];[];[];[];0.33;1.0;0.91;0.35;0.66;0.13;0.67;0.35;0.06;0.04;0.02;0.0;0.01
lr203;12R_12V_04F_03M;t2;lr203_t2_12R_12V_04F_03M;58;12;[   0   88 1100 1090 1055 1045 1060 1031   16];/dados/rmelo/PDPTW-SE/benchmark_multi_floor_v3/official_experiments/mip_gurobi/set_02_pt_02/../../../instances/orig_ams_fg/12R_12V_04F_04M/t2/lr203/;form;melo;/dados/rmelo/PDPTW-SE/benchmark_multi_floor_v3/official_experiments/mip_gurobi/set_02_pt_02/configs/genconfig_melo.conf;tightest_tw;0;3;Gurobi;7200;1;0;-1;1;-1;1;False;/dados/rmelo/PDPTW-SE/benchmark_multi_floor_v3/official_experiments/mip_gurobi/set_02_pt_02/logs/;0.0;0.5;False;0;0.2;1000000;1;0;0;M;60;M;60;30.0;0;50;95;1.0;1.0;1.0;1.0;True;H;100.0;100.0;0.95;3600;3600;/dados/rmelo/PDPTW-SE/benchmark_multi_floor_v3/official_experiments/mip_gurobi/set_02_pt_02/logs/form_melo/outputs/csvresults_form_melo.csv;/dados/rmelo/PDPTW-SE/benchmark_multi_floor_v3/official_experiments/mip_gurobi/set_02_pt_02/logs/form_melo/solutions/12R_12V_04F_03M/lr203_sol_genconfig_melo.txt;/dados/rmelo/PDPTW-SE/benchmark_multi_floor_v3/official_experiments/mip_gurobi/set_02_pt_02/logs/form_melo/timelines/12R_12V_04F_03M/lr203_timeline_genconfig_melo.txt;/dados/rmelo/PDPTW-SE/benchmark_multi_floor_v3/official_experiments/mip_gurobi/set_02_pt_02/logs/form_melo/gurobi/12R_12V_04F_03M/lr203_grb_genconfig_melo.log;True;1-29;False;0.05;8;genconfig_melo;9;0;0;1;inf;0.0;340.0;3600.06;;265121;263822;4956;312;36;12;12;927;927;257939;[];[];[];[];[];[];[];[];[];[];[];[];[];0.0;0.0;0.0;0.0;0.0;0.0;0.0;0.0;0.0;0.0;0.0;0.0;0.0
lr203;12R_12V_04F_04M;t2;lr203_t2_12R_12V_04F_04M;58;12;[   0   88 1099 1089 1055 1045 1060 1031   16];/dados/rmelo/PDPTW-SE/benchmark_multi_floor_v3/official_experiments/mip_gurobi/set_02_pt_02/../../../instances/orig_ams_fg/12R_12V_04F_04M/t2/lr203/;form;melo;/dados/rmelo/PDPTW-SE/benchmark_multi_floor_v3/official_experiments/mip_gurobi/set_02_pt_02/configs/genconfig_melo.conf;tightest_tw;0;4;Gurobi;7200;1;0;-1;1;-1;1;False;/dados/rmelo/PDPTW-SE/benchmark_multi_floor_v3/official_experiments/mip_gurobi/set_02_pt_02/logs/;0.0;0.5;False;0;0.2;1000000;1;0;0;M;60;M;60;30.0;0;50;95;1.0;1.0;1.0;1.0;True;H;100.0;100.0;0.95;3600;3600;/dados/rmelo/PDPTW-SE/benchmark_multi_floor_v3/official_experiments/mip_gurobi/set_02_pt_02/logs/form_melo/outputs/csvresults_form_melo.csv;/dados/rmelo/PDPTW-SE/benchmark_multi_floor_v3/official_experiments/mip_gurobi/set_02_pt_02/logs/form_melo/solutions/12R_12V_04F_04M/lr203_sol_genconfig_melo.txt;/dados/rmelo/PDPTW-SE/benchmark_multi_floor_v3/official_experiments/mip_gurobi/set_02_pt_02/logs/form_melo/timelines/12R_12V_04F_04M/lr203_timeline_genconfig_melo.txt;/dados/rmelo/PDPTW-SE/benchmark_multi_floor_v3/official_experiments/mip_gurobi/set_02_pt_02/logs/form_melo/gurobi/12R_12V_04F_04M/lr203_grb_genconfig_melo.log;True;1-29;False;0.05;8;genconfig_melo;9;0;0;1;inf;0.0;88.0;3600.84;;351802;350194;4956;312;36;12;12;1236;1236;344002;[];[];[];[];[];[];[];[];[];[];[];[];[];0.0;0.0;0.0;0.0;0.0;0.0;0.0;0.0;0.0;0.0;0.0;0.0;0.0
lr204;12R_12V_04F_03M;t2;lr204_t2_12R_12V_04F_03M;38;12;[   0   58 1114 1104 1058 1048 1063 1031   16];/dados/rmelo/PDPTW-SE/benchmark_multi_floor_v3/official_experiments/mip_gurobi/set_02_pt_02/../../../instances/orig_ams_fg/12R_12V_04F_04M/t2/lr204/;form;melo;/dados/rmelo/PDPTW-SE/benchmark_multi_floor_v3/official_experiments/mip_gurobi/set_02_pt_02/configs/genconfig_melo.conf;tightest_tw;0;3;Gurobi;7200;1;0;-1;1;-1;1;False;/dados/rmelo/PDPTW-SE/benchmark_multi_floor_v3/official_experiments/mip_gurobi/set_02_pt_02/logs/;0.0;0.5;False;0;0.2;1000000;1;0;0;M;60;M;60;30.0;0;50;95;1.0;1.0;1.0;1.0;True;H;100.0;100.0;0.95;3600;3600;/dados/rmelo/PDPTW-SE/benchmark_multi_floor_v3/official_experiments/mip_gurobi/set_02_pt_02/logs/form_melo/outputs/csvresults_form_melo.csv;/dados/rmelo/PDPTW-SE/benchmark_multi_floor_v3/official_experiments/mip_gurobi/set_02_pt_02/logs/form_melo/solutions/12R_12V_04F_03M/lr204_sol_genconfig_melo.txt;/dados/rmelo/PDPTW-SE/benchmark_multi_floor_v3/official_experiments/mip_gurobi/set_02_pt_02/logs/form_melo/timelines/12R_12V_04F_03M/lr204_timeline_genconfig_melo.txt;/dados/rmelo/PDPTW-SE/benchmark_multi_floor_v3/official_experiments/mip_gurobi/set_02_pt_02/logs/form_melo/gurobi/12R_12V_04F_03M/lr204_grb_genconfig_melo.log;True;1-29;False;0.05;8;genconfig_melo;9;0;1;0;1455.19;0.0;1.0;3600.12;100.0;427803;426291;6516;312;36;12;12;1140;1140;418635;[];[];[];[];[];[];[];[];[];[];[];[];[];0.33;1.0;0.73;0.53;0.64;0.24;0.49;0.36;0.05;0.03;0.02;0.0;0.0
lr204;12R_12V_04F_04M;t2;lr204_t2_12R_12V_04F_04M;38;12;[   0   58 1114 1104 1058 1048 1063 1031   16];/dados/rmelo/PDPTW-SE/benchmark_multi_floor_v3/official_experiments/mip_gurobi/set_02_pt_02/../../../instances/orig_ams_fg/12R_12V_04F_04M/t2/lr204/;form;melo;/dados/rmelo/PDPTW-SE/benchmark_multi_floor_v3/official_experiments/mip_gurobi/set_02_pt_02/configs/genconfig_melo.conf;tightest_tw;0;4;Gurobi;7200;1;0;-1;1;-1;1;False;/dados/rmelo/PDPTW-SE/benchmark_multi_floor_v3/official_experiments/mip_gurobi/set_02_pt_02/logs/;0.0;0.5;False;0;0.2;1000000;1;0;0;M;60;M;60;30.0;0;50;95;1.0;1.0;1.0;1.0;True;H;100.0;100.0;0.95;3600;3600;/dados/rmelo/PDPTW-SE/benchmark_multi_floor_v3/official_experiments/mip_gurobi/set_02_pt_02/logs/form_melo/outputs/csvresults_form_melo.csv;/dados/rmelo/PDPTW-SE/benchmark_multi_floor_v3/official_experiments/mip_gurobi/set_02_pt_02/logs/form_melo/solutions/12R_12V_04F_04M/lr204_sol_genconfig_melo.txt;/dados/rmelo/PDPTW-SE/benchmark_multi_floor_v3/official_experiments/mip_gurobi/set_02_pt_02/logs/form_melo/timelines/12R_12V_04F_04M/lr204_timeline_genconfig_melo.txt;/dados/rmelo/PDPTW-SE/benchmark_multi_floor_v3/official_experiments/mip_gurobi/set_02_pt_02/logs/form_melo/gurobi/12R_12V_04F_04M/lr204_grb_genconfig_melo.log;True;1-29;False;0.05;8;genconfig_melo;9;0;0;1;inf;0.0;1.0;3600.09;;567980;566088;6516;312;36;12;12;1520;1520;558052;[];[];[];[];[];[];[];[];[];[];[];[];[];0.0;0.0;0.0;0.0;0.0;0.0;0.0;0.0;0.0;0.0;0.0;0.0;0.0
lr205;12R_12V_04F_03M;t2;lr205_t2_12R_12V_04F_03M;58;12;[   0   88 1096 1086 1052 1042 1057 1031   16];/dados/rmelo/PDPTW-SE/benchmark_multi_floor_v3/official_experiments/mip_gurobi/set_02_pt_02/../../../instances/orig_ams_fg/12R_12V_04F_04M/t2/lr205/;form;melo;/dados/rmelo/PDPTW-SE/benchmark_multi_floor_v3/official_experiments/mip_gurobi/set_02_pt_02/configs/genconfig_melo.conf;tightest_tw;0;3;Gurobi;7200;1;0;-1;1;-1;1;False;/dados/rmelo/PDPTW-SE/benchmark_multi_floor_v3/official_experiments/mip_gurobi/set_02_pt_02/logs/;0.0;0.5;False;0;0.2;1000000;1;0;0;M;60;M;60;30.0;0;50;95;1.0;1.0;1.0;1.0;True;H;100.0;100.0;0.95;3600;3600;/dados/rmelo/PDPTW-SE/benchmark_multi_floor_v3/official_experiments/mip_gurobi/set_02_pt_02/logs/form_melo/outputs/csvresults_form_melo.csv;/dados/rmelo/PDPTW-SE/benchmark_multi_floor_v3/official_experiments/mip_gurobi/set_02_pt_02/logs/form_melo/solutions/12R_12V_04F_03M/lr205_sol_genconfig_melo.txt;/dados/rmelo/PDPTW-SE/benchmark_multi_floor_v3/official_experiments/mip_gurobi/set_02_pt_02/logs/form_melo/timelines/12R_12V_04F_03M/lr205_timeline_genconfig_melo.txt;/dados/rmelo/PDPTW-SE/benchmark_multi_floor_v3/official_experiments/mip_gurobi/set_02_pt_02/logs/form_melo/gurobi/12R_12V_04F_03M/lr205_grb_genconfig_melo.log;True;1-29;False;0.05;8;genconfig_melo;9;0;0;1;inf;0.0;1876.0;3607.33;;165815;164693;4068;312;36;12;12;750;750;159875;[];[];[];[];[];[];[];[];[];[];[];[];[];0.0;0.0;0.0;0.0;0.0;0.0;0.0;0.0;0.0;0.0;0.0;0.0;0.0
lr205;12R_12V_04F_04M;t2;lr205_t2_12R_12V_04F_04M;58;12;[   0   88 1096 1086 1052 1042 1057 1031   16];/dados/rmelo/PDPTW-SE/benchmark_multi_floor_v3/official_experiments/mip_gurobi/set_02_pt_02/../../../instances/orig_ams_fg/12R_12V_04F_04M/t2/lr205/;form;melo;/dados/rmelo/PDPTW-SE/benchmark_multi_floor_v3/official_experiments/mip_gurobi/set_02_pt_02/configs/genconfig_melo.conf;tightest_tw;0;4;Gurobi;7200;1;0;-1;1;-1;1;False;/dados/rmelo/PDPTW-SE/benchmark_multi_floor_v3/official_experiments/mip_gurobi/set_02_pt_02/logs/;0.0;0.5;False;0;0.2;1000000;1;0;0;M;60;M;60;30.0;0;50;95;1.0;1.0;1.0;1.0;True;H;100.0;100.0;0.95;3600;3600;/dados/rmelo/PDPTW-SE/benchmark_multi_floor_v3/official_experiments/mip_gurobi/set_02_pt_02/logs/form_melo/outputs/csvresults_form_melo.csv;/dados/rmelo/PDPTW-SE/benchmark_multi_floor_v3/official_experiments/mip_gurobi/set_02_pt_02/logs/form_melo/solutions/12R_12V_04F_04M/lr205_sol_genconfig_melo.txt;/dados/rmelo/PDPTW-SE/benchmark_multi_floor_v3/official_experiments/mip_gurobi/set_02_pt_02/logs/form_melo/timelines/12R_12V_04F_04M/lr205_timeline_genconfig_melo.txt;/dados/rmelo/PDPTW-SE/benchmark_multi_floor_v3/official_experiments/mip_gurobi/set_02_pt_02/logs/form_melo/gurobi/12R_12V_04F_04M/lr205_grb_genconfig_melo.log;True;1-29;False;0.05;8;genconfig_melo;9;0;1;0;1277.72;0.0;439.0;3600.29;100.0;220324;218950;4068;312;36;12;12;1002;1002;213880;[];[];[];[];[];[];[];[];[];[];[];[];[];0.25;0.75;0.85;0.76;0.82;0.3;0.54;0.43;0.05;0.03;0.02;0.0;0.01
lr203;08R_08V_02F_04M;t2;lr203_t2_08R_08V_02F_04M;34;8;[   0   52 1092 1082 1055 1045 1050 1011    6];/dados/rmelo/PDPTW-SE/benchmark_multi_floor_v3/official_experiments/mip_gurobi/set_02_pt_02/../../../instances/orig_ams_fg/08R_08V_02F_04M/t2/lr203/;form;melo;/dados/rmelo/PDPTW-SE/benchmark_multi_floor_v3/official_experiments/mip_gurobi/set_02_pt_02/configs/genconfig_melo.conf;tightest_tw;0;4;Gurobi;7200;1;0;-1;1;-1;1;False;/dados/rmelo/PDPTW-SE/benchmark_multi_floor_v3/official_experiments/mip_gurobi/set_02_pt_02/logs/;0.0;0.5;False;0;0.2;1000000;1;0;0;M;60;M;60;30.0;0;50;95;1.0;1.0;1.0;1.0;True;H;100.0;100.0;0.95;3600;3600;/dados/rmelo/PDPTW-SE/benchmark_multi_floor_v3/official_experiments/mip_gurobi/set_02_pt_02/logs/form_melo/outputs/csvresults_form_melo.csv;/dados/rmelo/PDPTW-SE/benchmark_multi_floor_v3/official_experiments/mip_gurobi/set_02_pt_02/logs/form_melo/solutions/08R_08V_02F_04M/lr203_sol_genconfig_melo.txt;/dados/rmelo/PDPTW-SE/benchmark_multi_floor_v3/official_experiments/mip_gurobi/set_02_pt_02/logs/form_melo/timelines/08R_08V_02F_04M/lr203_timeline_genconfig_melo.txt;/dados/rmelo/PDPTW-SE/benchmark_multi_floor_v3/official_experiments/mip_gurobi/set_02_pt_02/logs/form_melo/gurobi/08R_08V_02F_04M/lr203_grb_genconfig_melo.log;True;1-29;False;0.05;8;genconfig_melo;9;0;1;0;712.7;0.0;35518.0;3600.09;100.0;33828;33272;1608;144;24;8;8;372;372;31292;[];[];[];[];[];[];[];[];[];[];[];[];[];0.25;0.5;0.94;0.25;0.6;0.08;0.64;0.36;0.02;0.02;0.0;0.0;0.0
lr204;08R_08V_02F_03M;t2;lr204_t2_08R_08V_02F_03M;38;8;[   0   58 1100 1090 1058 1048 1053 1011    6];/dados/rmelo/PDPTW-SE/benchmark_multi_floor_v3/official_experiments/mip_gurobi/set_02_pt_02/../../../instances/orig_ams_fg/08R_08V_02F_04M/t2/lr204/;form;melo;/dados/rmelo/PDPTW-SE/benchmark_multi_floor_v3/official_experiments/mip_gurobi/set_02_pt_02/configs/genconfig_melo.conf;tightest_tw;0;3;Gurobi;7200;1;0;-1;1;-1;1;False;/dados/rmelo/PDPTW-SE/benchmark_multi_floor_v3/official_experiments/mip_gurobi/set_02_pt_02/logs/;0.0;0.5;False;0;0.2;1000000;1;0;0;M;60;M;60;30.0;0;50;95;1.0;1.0;1.0;1.0;True;H;100.0;100.0;0.95;3600;3600;/dados/rmelo/PDPTW-SE/benchmark_multi_floor_v3/official_experiments/mip_gurobi/set_02_pt_02/logs/form_melo/outputs/csvresults_form_melo.csv;/dados/rmelo/PDPTW-SE/benchmark_multi_floor_v3/official_experiments/mip_gurobi/set_02_pt_02/logs/form_melo/solutions/08R_08V_02F_03M/lr204_sol_genconfig_melo.txt;/dados/rmelo/PDPTW-SE/benchmark_multi_floor_v3/official_experiments/mip_gurobi/set_02_pt_02/logs/form_melo/timelines/08R_08V_02F_03M/lr204_timeline_genconfig_melo.txt;/dados/rmelo/PDPTW-SE/benchmark_multi_floor_v3/official_experiments/mip_gurobi/set_02_pt_02/logs/form_melo/gurobi/08R_08V_02F_03M/lr204_grb_genconfig_melo.log;True;1-29;False;0.05;8;genconfig_melo;9;0;1;0;685.57;0.0;98872.0;3600.04;100.0;31233;30737;1832;144;24;8;8;312;312;28593;[];[];[];[];[];[];[];[];[];[];[];[];[];0.25;0.67;0.84;0.78;0.81;0.23;0.46;0.34;0.01;0.0;0.0;0.0;0.0
lr204;08R_08V_02F_04M;t2;lr204_t2_08R_08V_02F_04M;38;8;[   0   58 1097 1087 1058 1048 1053 1011    6];/dados/rmelo/PDPTW-SE/benchmark_multi_floor_v3/official_experiments/mip_gurobi/set_02_pt_02/../../../instances/orig_ams_fg/08R_08V_02F_04M/t2/lr204/;form;melo;/dados/rmelo/PDPTW-SE/benchmark_multi_floor_v3/official_experiments/mip_gurobi/set_02_pt_02/configs/genconfig_melo.conf;tightest_tw;0;4;Gurobi;7200;1;0;-1;1;-1;1;False;/dados/rmelo/PDPTW-SE/benchmark_multi_floor_v3/official_experiments/mip_gurobi/set_02_pt_02/logs/;0.0;0.5;False;0;0.2;1000000;1;0;0;M;60;M;60;30.0;0;50;95;1.0;1.0;1.0;1.0;True;H;100.0;100.0;0.95;3600;3600;/dados/rmelo/PDPTW-SE/benchmark_multi_floor_v3/official_experiments/mip_gurobi/set_02_pt_02/logs/form_melo/outputs/csvresults_form_melo.csv;/dados/rmelo/PDPTW-SE/benchmark_multi_floor_v3/official_experiments/mip_gurobi/set_02_pt_02/logs/form_melo/solutions/08R_08V_02F_04M/lr204_sol_genconfig_melo.txt;/dados/rmelo/PDPTW-SE/benchmark_multi_floor_v3/official_experiments/mip_gurobi/set_02_pt_02/logs/form_melo/timelines/08R_08V_02F_04M/lr204_timeline_genconfig_melo.txt;/dados/rmelo/PDPTW-SE/benchmark_multi_floor_v3/official_experiments/mip_gurobi/set_02_pt_02/logs/form_melo/gurobi/08R_08V_02F_04M/lr204_grb_genconfig_melo.log;True;1-29;False;0.05;8;genconfig_melo;9;0;1;0;682.88;0.0;60755.0;3600.09;100.0;40777;40178;1832;144;24;8;8;415;415;37931;[];[];[];[];[];[];[];[];[];[];[];[];[];0.25;0.5;0.96;0.84;0.9;0.23;0.46;0.34;0.01;0.0;0.0;0.0;0.0
lr203;10R_10V_04F_04M;t2;lr203_t2_10R_10V_04F_04M;58;10;[   0   88 1101 1091 1055 1045 1060 1031   16];/home/vitor/Documents/github/PDPTW-SE/benchmark_multi_floor_v3/official_experiments/mip_gurobi/set_02_pt_02/../../../instances/orig_ams_fg/10R_10V_04F_04M/t2/lr203/;form;melo;/home/vitor/Documents/github/PDPTW-SE/benchmark_multi_floor_v3/official_experiments/mip_gurobi/set_02_pt_02/configs/genconfig_melo.conf;tightest_tw;0;4;Gurobi;7200;1;0;-1;1;-1;1;False;/home/vitor/Documents/github/PDPTW-SE/benchmark_multi_floor_v3/official_experiments/mip_gurobi/set_02_pt_02/logs/;0.0;0.5;False;0;0.2;1000000;1;0;0;M;60;M;60;30.0;0;50;95;1.0;1.0;1.0;1.0;True;H;100.0;100.0;0.95;3600;3600;/home/vitor/Documents/github/PDPTW-SE/benchmark_multi_floor_v3/official_experiments/mip_gurobi/set_02_pt_02/logs/form_melo/outputs/csvresults_form_melo.csv;/home/vitor/Documents/github/PDPTW-SE/benchmark_multi_floor_v3/official_experiments/mip_gurobi/set_02_pt_02/logs/form_melo/solutions/10R_10V_04F_04M/lr203_sol_genconfig_melo.txt;/home/vitor/Documents/github/PDPTW-SE/benchmark_multi_floor_v3/official_experiments/mip_gurobi/set_02_pt_02/logs/form_melo/timelines/10R_10V_04F_04M/lr203_timeline_genconfig_melo.txt;/home/vitor/Documents/github/PDPTW-SE/benchmark_multi_floor_v3/official_experiments/mip_gurobi/set_02_pt_02/logs/form_melo/gurobi/10R_10V_04F_04M/lr203_grb_genconfig_melo.log;True;1-29;False;0.05;8;genconfig_melo;11;0;0;0;inf;-inf;0;7.51;;218784;217548;3200;220;30;10;10;966;966;213382;[];[];[];[];[];[];[];[];[];[];[];[];[];0.0;0.0;0.0;0.0;0.0;0.0;0.0;0.0;0.0;0.0;0.0;0.0;0.0
lr204;10R_10V_04F_03M;t2;lr204_t2_10R_10V_04F_03M;38;10;[   0   58 1100 1090 1058 1048 1063 1031   16];/home/vitor/Documents/github/PDPTW-SE/benchmark_multi_floor_v3/official_experiments/mip_gurobi/set_02_pt_02/../../../instances/orig_ams_fg/10R_10V_04F_04M/t2/lr204/;form;melo;/home/vitor/Documents/github/PDPTW-SE/benchmark_multi_floor_v3/official_experiments/mip_gurobi/set_02_pt_02/configs/genconfig_melo.conf;tightest_tw;0;3;Gurobi;7200;1;0;-1;1;-1;1;False;/home/vitor/Documents/github/PDPTW-SE/benchmark_multi_floor_v3/official_experiments/mip_gurobi/set_02_pt_02/logs/;0.0;0.5;False;0;0.2;1000000;1;0;0;M;60;M;60;30.0;0;50;95;1.0;1.0;1.0;1.0;True;H;100.0;100.0;0.95;3600;3600;/home/vitor/Documents/github/PDPTW-SE/benchmark_multi_floor_v3/official_experiments/mip_gurobi/set_02_pt_02/logs/form_melo/outputs/csvresults_form_melo.csv;/home/vitor/Documents/github/PDPTW-SE/benchmark_multi_floor_v3/official_experiments/mip_gurobi/set_02_pt_02/logs/form_melo/solutions/10R_10V_04F_03M/lr204_sol_genconfig_melo.txt;/home/vitor/Documents/github/PDPTW-SE/benchmark_multi_floor_v3/official_experiments/mip_gurobi/set_02_pt_02/logs/form_melo/timelines/10R_10V_04F_03M/lr204_timeline_genconfig_melo.txt;/home/vitor/Documents/github/PDPTW-SE/benchmark_multi_floor_v3/official_experiments/mip_gurobi/set_02_pt_02/logs/form_melo/gurobi/10R_10V_04F_03M/lr204_grb_genconfig_melo.log;True;1-29;False;0.05;8;genconfig_melo;11;0;0;0;inf;-inf;0;7.57;;209150;208079;3690;220;30;10;10;801;801;203588;[];[];[];[];[];[];[];[];[];[];[];[];[];0.0;0.0;0.0;0.0;0.0;0.0;0.0;0.0;0.0;0.0;0.0;0.0;0.0
lr204;10R_10V_04F_04M;t2;lr204_t2_10R_10V_04F_04M;38;10;[   0   58 1097 1087 1058 1048 1063 1031   16];/home/vitor/Documents/github/PDPTW-SE/benchmark_multi_floor_v3/official_experiments/mip_gurobi/set_02_pt_02/../../../instances/orig_ams_fg/10R_10V_04F_04M/t2/lr204/;form;melo;/home/vitor/Documents/github/PDPTW-SE/benchmark_multi_floor_v3/official_experiments/mip_gurobi/set_02_pt_02/configs/genconfig_melo.conf;tightest_tw;0;4;Gurobi;7200;1;0;-1;1;-1;1;False;/home/vitor/Documents/github/PDPTW-SE/benchmark_multi_floor_v3/official_experiments/mip_gurobi/set_02_pt_02/logs/;0.0;0.5;False;0;0.2;1000000;1;0;0;M;60;M;60;30.0;0;50;95;1.0;1.0;1.0;1.0;True;H;100.0;100.0;0.95;3600;3600;/home/vitor/Documents/github/PDPTW-SE/benchmark_multi_floor_v3/official_experiments/mip_gurobi/set_02_pt_02/logs/form_melo/outputs/csvresults_form_melo.csv;/home/vitor/Documents/github/PDPTW-SE/benchmark_multi_floor_v3/official_experiments/mip_gurobi/set_02_pt_02/logs/form_melo/solutions/10R_10V_04F_04M/lr204_sol_genconfig_melo.txt;/home/vitor/Documents/github/PDPTW-SE/benchmark_multi_floor_v3/official_experiments/mip_gurobi/set_02_pt_02/logs/form_melo/timelines/10R_10V_04F_04M/lr204_timeline_genconfig_melo.txt;/home/vitor/Documents/github/PDPTW-SE/benchmark_multi_floor_v3/official_experiments/mip_gurobi/set_02_pt_02/logs/form_melo/gurobi/10R_10V_04F_04M/lr204_grb_genconfig_melo.log;True;1-29;False;0.05;8;genconfig_melo;11;0;0;0;inf;-inf;0;7.24;;277370;276032;3690;220;30;10;10;1068;1068;271274;[];[];[];[];[];[];[];[];[];[];[];[];[];0.0;0.0;0.0;0.0;0.0;0.0;0.0;0.0;0.0;0.0;0.0;0.0;0.0
lr204;12R_12V_02F_04M;t2;lr204_t2_12R_12V_02F_04M;38;12;[   0   58 1104 1094 1058 1048 1053 1011    6];/home/vitor/Documents/github/PDPTW-SE/benchmark_multi_floor_v3/official_experiments/mip_gurobi/set_02_pt_02/../../../instances/orig_ams_fg/12R_12V_02F_04M/t2/lr204/;form;melo;/home/vitor/Documents/github/PDPTW-SE/benchmark_multi_floor_v3/official_experiments/mip_gurobi/set_02_pt_02/configs/genconfig_melo.conf;tightest_tw;0;4;Gurobi;7200;1;0;-1;1;-1;1;False;/home/vitor/Documents/github/PDPTW-SE/benchmark_multi_floor_v3/official_experiments/mip_gurobi/set_02_pt_02/logs/;0.0;0.5;False;0;0.2;1000000;1;0;0;M;60;M;60;30.0;0;50;95;1.0;1.0;1.0;1.0;True;H;100.0;100.0;0.95;3600;3600;/home/vitor/Documents/github/PDPTW-SE/benchmark_multi_floor_v3/official_experiments/mip_gurobi/set_02_pt_02/logs/form_melo/outputs/csvresults_form_melo.csv;/home/vitor/Documents/github/PDPTW-SE/benchmark_multi_floor_v3/official_experiments/mip_gurobi/set_02_pt_02/logs/form_melo/solutions/12R_12V_02F_04M/lr204_sol_genconfig_melo.txt;/home/vitor/Documents/github/PDPTW-SE/benchmark_multi_floor_v3/official_experiments/mip_gurobi/set_02_pt_02/logs/form_melo/timelines/12R_12V_02F_04M/lr204_timeline_genconfig_melo.txt;/home/vitor/Documents/github/PDPTW-SE/benchmark_multi_floor_v3/official_experiments/mip_gurobi/set_02_pt_02/logs/form_melo/gurobi/12R_12V_02F_04M/lr204_grb_genconfig_melo.log;True;1-29;False;0.05;8;genconfig_melo;11;0;0;0;inf;-inf;0;6.12;;184962;183738;6564;312;36;12;12;852;852;176322;[];[];[];[];[];[];[];[];[];[];[];[];[];0.0;0.0;0.0;0.0;0.0;0.0;0.0;0.0;0.0;0.0;0.0;0.0;0.0
lr202;12R_12V_04F_03M;t2;lr202_t2_12R_12V_04F_03M;46;12;[   0   70 1089 1079 1046 1036 1051 1031   16];/home/vitor/Documents/github/PDPTW-SE/benchmark_multi_floor_v3/official_experiments/mip_gurobi/set_02_pt_02/../../../instances/orig_ams_fg/12R_12V_04F_04M/t2/lr202/;form;melo;/home/vitor/Documents/github/PDPTW-SE/benchmark_multi_floor_v3/official_experiments/mip_gurobi/set_02_pt_02/configs/genconfig_melo.conf;tightest_tw;0;3;Gurobi;7200;1;0;-1;1;-1;1;False;/home/vitor/Documents/github/PDPTW-SE/benchmark_multi_floor_v3/official_experiments/mip_gurobi/set_02_pt_02/logs/;0.0;0.5;False;0;0.2;1000000;1;0;0;M;60;M;60;30.0;0;50;95;1.0;1.0;1.0;1.0;True;H;100.0;100.0;0.95;3600;3600;/home/vitor/Documents/github/PDPTW-SE/benchmark_multi_floor_v3/official_experiments/mip_gurobi/set_02_pt_02/logs/form_melo/outputs/csvresults_form_melo.csv;/home/vitor/Documents/github/PDPTW-SE/benchmark_multi_floor_v3/official_experiments/mip_gurobi/set_02_pt_02/logs/form_melo/solutions/12R_12V_04F_03M/lr202_sol_genconfig_melo.txt;/home/vitor/Documents/github/PDPTW-SE/benchmark_multi_floor_v3/official_experiments/mip_gurobi/set_02_pt_02/logs/form_melo/timelines/12R_12V_04F_03M/lr202_timeline_genconfig_melo.txt;/home/vitor/Documents/github/PDPTW-SE/benchmark_multi_floor_v3/official_experiments/mip_gurobi/set_02_pt_02/logs/form_melo/gurobi/12R_12V_04F_03M/lr202_grb_genconfig_melo.log;True;1-29;False;0.05;8;genconfig_melo;11;0;0;0;inf;-inf;0;13.93;;214582;213361;4476;312;36;12;12;849;849;208036;[];[];[];[];[];[];[];[];[];[];[];[];[];0.0;0.0;0.0;0.0;0.0;0.0;0.0;0.0;0.0;0.0;0.0;0.0;0.0
