name;group;type;obj_value_hx;gap_hx;n_vehicles_used_hx;time_hx
lr101;06R_06V_02I_03M;t1;779.08;0;1;2
lr101;06R_06V_02I_04M;t1;758.09;0;1;2
lr102;06R_06V_02I_03M;t1;536.97;0;0.67;90
lr102;06R_06V_02I_04M;t1;536.97;0;0.67;100
lr103;06R_06V_02I_03M;t1;454.4;0;0.5;844
lr103;06R_06V_02I_04M;t1;451.61;0;0.5;890
lr104;06R_06V_02I_03M;t1;431.14;0;0.5;489
lr104;06R_06V_02I_04M;t1;426.97;0;0.5;838
lr105;06R_06V_02I_03M;t1;468.59;0;0.67;2
lr105;06R_06V_02I_04M;t1;468.59;0;0.67;3
lr101;06R_06V_04I_03M;t1;780.14;0;1;167
lr101;06R_06V_04I_04M;t1;757.4;0;1;5
lr102;06R_06V_04I_03M;t1;614.27;0;0.67;138
lr102;06R_06V_04I_04M;t1;606.4;0;0.67;114
lr103;06R_06V_04I_03M;t1;448.87;0;0.5;1119
lr103;06R_06V_04I_04M;t1;446.87;0;0.5;1181
lr104;06R_06V_04I_03M;t1;469.54;0;0.5;866
lr104;06R_06V_04I_04M;t1;465.1;0;0.5;790
lr105;06R_06V_04I_03M;t1;521.52;0;0.67;5
lr105;06R_06V_04I_04M;t1;513.04;0;0.67;13
lr101;08R_08V_02I_03M;t1;946.87;0;0.88;22
lr101;08R_08V_02I_04M;t1;946.51;0;0.88;12
lr102;08R_08V_02I_03M;t1;765.67;6.29;0.75;3600
lr102;08R_08V_02I_04M;t1;765.67;7.46;0.75;3600
lr103;08R_08V_02I_03M;t1;546.38;100;0.38;3600
lr103;08R_08V_02I_04M;t1;549.35;100;0.38;3600
lr104;08R_08V_02I_03M;t1;558.37;100;0.38;3600
lr104;08R_08V_02I_04M;t1;558.37;100;0.38;3600
lr105;08R_08V_02I_03M;t1;553.09;0;0.5;120
lr105;08R_08V_02I_04M;t1;553.09;0;0.5;89
lr101;08R_08V_04I_03M;t1;1155.57;0;0.88;138
lr101;08R_08V_04I_04M;t1;1067.37;0;0.88;1313
lr102;08R_08V_04I_03M;t1;772.63;12.09;0.62;3600
lr102;08R_08V_04I_04M;t1;771.68;11.38;0.62;3600
lr103;08R_08V_04I_03M;t1;563.83;77.63;0.38;3600
lr103;08R_08V_04I_04M;t1;565.22;79.07;0.38;3600
lr104;08R_08V_04I_03M;t1;649.35;96.67;0.62;3600
lr104;08R_08V_04I_04M;t1;647.39;100;0.62;3600
lr105;08R_08V_04I_03M;t1;754.77;0;0.62;824
lr105;08R_08V_04I_04M;t1;743.51;0;0.62;1172
lr101;10R_10V_02I_03M;t1;1295.64;0;0.8;1458
lr101;10R_10V_02I_04M;t1;1245.7;2.21;0.8;3600
lr102;10R_10V_02I_03M;t1;1018.62;14.1;0.6;3600
lr102;10R_10V_02I_04M;t1;1018.62;22.14;0.6;3600
lr103;10R_10V_02I_03M;t1;607.23;100;0.3;3600
lr103;10R_10V_02I_04M;t1;633.75;100;0.4;3600
lr104;10R_10V_02I_03M;t1;697.77;100;0.4;3600
lr104;10R_10V_02I_04M;t1;698.55;100;0.5;3600
lr105;10R_10V_02I_03M;t1;670.47;0;0.5;3371
lr105;10R_10V_02I_04M;t1;670.47;23.11;0.5;3600
lr101;10R_10V_04I_03M;t1;1260.36;12.21;0.9;3600
lr101;10R_10V_04I_04M;t1;1197.46;7.38;0.9;3600
lr102;10R_10V_04I_03M;t1;939.28;34.81;0.6;3600
lr102;10R_10V_04I_04M;t1;937.46;39.4;0.6;3600
lr103;10R_10V_04I_03M;t1;679.58;100;0.5;3600
lr103;10R_10V_04I_04M;t1;695.61;100;0.4;3601
lr104;10R_10V_04I_03M;t1;727.51;100;0.5;3601
lr104;10R_10V_04I_04M;t1;727.92;100;0.5;3600
lr105;10R_10V_04I_03M;t1;668.46;21.27;0.4;3600
lr105;10R_10V_04I_04M;t1;665.48;21.11;0.4;3600
lr101;12R_12V_02I_03M;t1;1431.73;1.23;0.83;3600
lr101;12R_12V_02I_04M;t1;1381.79;3.04;0.83;3600
lr102;12R_12V_02I_03M;t1;965.99;50.2;0.5;3600
lr102;12R_12V_02I_04M;t1;960.14;54.64;0.5;3600
lr103;12R_12V_02I_03M;t1;800.61;100;0.42;3600
lr103;12R_12V_02I_04M;t1;860.07;100;0.42;3601
lr104;12R_12V_02I_03M;t1;NA;Inf;0;3600
lr104;12R_12V_02I_04M;t1;NA;Inf;0;3600
lr105;12R_12V_02I_03M;t1;1335.76;14.99;0.67;3600
lr105;12R_12V_02I_04M;t1;1295.25;28.03;0.67;3600
lr101;12R_12V_04I_03M;t1;1367.23;10.46;0.75;3600
lr101;12R_12V_04I_04M;t1;1310.1;11.02;0.75;3600
lr102;12R_12V_04I_03M;t1;975.18;54.74;0.5;3600
lr102;12R_12V_04I_04M;t1;968.01;62.17;0.5;3600
lr103;12R_12V_04I_03M;t1;923.78;100;0.58;3600
lr103;12R_12V_04I_04M;t1;NA;Inf;0;3600
lr104;12R_12V_04I_03M;t1;NA;Inf;0;3601
lr104;12R_12V_04I_04M;t1;NA;Inf;0;3621
lr105;12R_12V_04I_03M;t1;834.01;53.89;0.5;3600
lr105;12R_12V_04I_04M;t1;833.74;54.44;0.5;3600
lr201;06R_06V_02I_03M;t2;695.53;0;0.5;64
lr201;06R_06V_02I_04M;t2;693.77;0;0.5;83
lr202;06R_06V_02I_03M;t2;606.04;100;0.33;3600
lr202;06R_06V_02I_04M;t2;606.04;100;0.33;3600
lr203;06R_06V_02I_03M;t2;589.86;0;0.33;1062
lr203;06R_06V_02I_04M;t2;589.86;0;0.33;1261
lr204;06R_06V_02I_03M;t2;546.24;100;0.17;3600
lr204;06R_06V_02I_04M;t2;543.93;100;0.17;3600
lr205;06R_06V_02I_03M;t2;551.63;0;0.17;727
lr205;06R_06V_02I_04M;t2;549.2;0;0.17;1006
lr201;06R_06V_04I_03M;t2;739.26;0;0.67;301
lr201;06R_06V_04I_04M;t2;733.28;0;0.67;453
lr202;06R_06V_04I_03M;t2;547.87;100;0.17;3600
lr202;06R_06V_04I_04M;t2;547.87;100;0.17;3600
lr203;06R_06V_04I_03M;t2;609.91;82.62;0.33;3600
lr203;06R_06V_04I_04M;t2;606.2;88.43;0.33;3600
lr204;06R_06V_04I_03M;t2;586.7;100;0.33;3600
lr204;06R_06V_04I_04M;t2;587.7;100;0.33;3600
lr205;06R_06V_04I_03M;t2;535.22;0;0.17;2836
lr205;06R_06V_04I_04M;t2;535.22;30.18;0.17;3600
lr201;08R_08V_02I_03M;t2;948.09;53.37;0.25;3600
lr202;08R_08V_02I_03M;t2;707.53;100;0.38;3600
lr203;08R_08V_02I_03M;t2;725.86;100;0.38;3600
lr204;08R_08V_02I_03M;t2;726.75;100;0.25;3600
lr205;08R_08V_02I_03M;t2;647.89;100;0.25;3600
lr201;08R_08V_04I_03M;t2;1024.13;100;0.25;3600
lr202;08R_08V_04I_03M;t2;811.81;100;0.38;3600
lr203;08R_08V_04I_03M;t2;853.48;100;0.25;3600
lr204;08R_08V_04I_03M;t2;NA;Inf;0;3600
lr205;08R_08V_04I_03M;t2;708.96;100;0.25;3600
lr201;10R_10V_02I_03M;t2;1110.28;100;0.2;3600
lr202;10R_10V_02I_03M;t2;983.77;100;0.5;3600
lr203;10R_10V_02I_03M;t2;849.35;100;0.2;3601
lr204;10R_10V_02I_03M;t2;936.13;100;0.3;3600
lr205;10R_10V_02I_03M;t2;893.87;100;0.4;3600
lr201;10R_10V_04I_03M;t2;1371.36;100;0.4;3600
lr202;10R_10V_04I_03M;t2;1100.98;100;0.3;3600
lr203;10R_10V_04I_03M;t2;919.89;100;0.2;3600
lr204;10R_10V_04I_03M;t2;NA;Inf;0;3665
lr205;10R_10V_04I_03M;t2;987.42;100;0.3;3600
lr201;12R_12V_02I_03M;t2;1456.41;100;0.25;3600
lr202;12R_12V_02I_03M;t2;1157.15;100;0.25;3600
lr203;12R_12V_02I_03M;t2;1467.47;100;0.25;3602
lr204;12R_12V_02I_03M;t2;NA;Inf;0;3617
lr205;12R_12V_02I_03M;t2;1173.24;100;0.17;3600
lr201;12R_12V_04I_03M;t2;1544.45;100;0.42;3600
lr202;12R_12V_04I_03M;t2;NA;Inf;0;3602
lr203;12R_12V_04I_03M;t2;NA;Inf;0;3603
lr204;12R_12V_04I_03M;t2;NA;Inf;0;3600
lr205;12R_12V_04I_03M;t2;1273.31;100;0.25;3600
lr201;08R_08V_02I_04M;t2;944.72;44.51;0.25;3600
lr202;08R_08V_02I_04M;t2;695.62;100;0.25;3600
lr203;08R_08V_02I_04M;t2;736.92;100;0.25;3600
lr204;08R_08V_02I_04M;t2;733.24;100;0.38;3600
lr205;08R_08V_02I_04M;t2;643.97;100;0.12;3600
lr201;08R_08V_04I_04M;t2;1038.38;100;0.38;3600
lr202;08R_08V_04I_04M;t2;898.82;100;0.5;3600
lr203;08R_08V_04I_04M;t2;832.44;100;0.25;3600
lr204;08R_08V_04I_04M;t2;NA;Inf;0;3600
lr205;08R_08V_04I_04M;t2;701.97;100;0.25;3600
lr201;10R_10V_02I_04M;t2;1213.91;100;0.5;3600
lr202;10R_10V_02I_04M;t2;862.76;100;0.5;3600
lr203;10R_10V_02I_04M;t2;971.2;100;0.2;3600
lr204;10R_10V_02I_04M;t2;NA;Inf;0;3636
lr205;10R_10V_02I_04M;t2;814.96;100;0.2;3600
lr201;10R_10V_04I_04M;t2;1293.16;100;0.5;3600
lr202;10R_10V_04I_04M;t2;NA;Inf;0;3601
lr203;10R_10V_04I_04M;t2;1342.94;100;0.6;3652
lr204;10R_10V_04I_04M;t2;NA;Inf;0;3604
lr205;10R_10V_04I_04M;t2;1029.52;100;0.2;3600
lr201;12R_12V_02I_04M;t2;1326.12;100;0.25;3600
lr202;12R_12V_02I_04M;t2;1170.38;100;0.17;3600
lr203;12R_12V_02I_04M;t2;NA;Inf;0;3705
lr204;12R_12V_02I_04M;t2;NA;Inf;0;3631
lr205;12R_12V_02I_04M;t2;1215.41;100;0.25;3600
lr201;12R_12V_04I_04M;t2;1755.01;100;0.33;3600
lr202;12R_12V_04I_04M;t2;NA;Inf;0;3603
lr203;12R_12V_04I_04M;t2;1941.96;100;0.25;3600
lr204;12R_12V_04I_04M;t2;NA;Inf;0;3600
lr205;12R_12V_04I_04M;t2;NA;Inf;0;3603
