name;group;type;full_name;max_Q;n;M;inst_path;method_type;method_code;gen_config_file;greedy_service_order;cutoff;cutoff_machs;solver;max_time;gurobi_cuts;type_user_cut;mip_presolve;print_sol;max_nodes;elevator;make_instance_feasible;output;epsilon;epsilon_cap;warm_start;seed;alpha;max_iter;output_flag_grb_mip;output_flag_grb_mslp;output_flag_grb_lmns;mslp_r;mslp_a;lmns_r;lmns_a;lmns_repair_time;lmns_mip_focus;lmns_gap_to_bigger_destruction;lmns_gap_to_smaller_destruction;lmns_weight_shaw_dist_prox;lmns_weight_shaw_earl_prox;lmns_weight_shaw_same_route;lmns_weight_shaw_demand_sim;lmns_req_r_apply_mip_start;lmns_acceptance_criteria;lmns_metropolis_temp;lmns_simulated_annealing_temp;lmns_simulated_annealing_cool;mip_max_time;hx_max_time;csv_file_name;sol_file_name;timeline_file_name;grb_file_name;validate_synchronization;constraints_used_melo_mip_str;run_callback_melo_mip;mip_heuristics;threads;gen_config_filename;status;optimal;tle_feas;tle_not_feas;obj_value;bestbound;iterations;time;gap;n_vars;n_bin_vars;n_x_vars;n_z_vars;n_t_vars;n_tstart_vars;n_tfinal_vars;n_phi_vars;n_alpha_vars;n_gamma_vars;n_vehicles_used;n_machines_used;max_max_load_all_vehicles;min_max_load_all_vehicles;mean_max_load_all_vehicles;min_completion_time;max_completion_time;mean_completion_time;avrg_machines_travel_time_with_vehicle;avrg_machines_travel_time_only_with_vehicle;avrg_machines_travel_time_no_vehicle;avrg_vehicles_waiting_time_for_a_machine_travel;avrg_vehicles_waiting_time_for_a_service
lr201;08R_08V_02I_03M;t2;lr201_t2_08R_08V_02I_03M;52;8;[   0   79 1099 1089 1054 1044 1056 1026   14];/dados/rmelo/PDPTW-SE/benchmark_multi_island_v5/official_experiments/mip_hexaly/set_02_pt_03/../../../instances/orig_ams_fg/08R_08V_02I_04M/t2/lr201/;form;melo_hx;/dados/rmelo/PDPTW-SE/benchmark_multi_island_v5/official_experiments/mip_hexaly/set_02_pt_03/configs/genconfig_melo_hx.conf;tightest_tw;0;3;Gurobi;7200;1;0;-1;1;-1;0;False;/dados/rmelo/PDPTW-SE/benchmark_multi_island_v5/official_experiments/mip_hexaly/set_02_pt_03/logs/;0.0;0.5;False;0;0.2;1000000;0;0;0;M;60;M;60;30.0;0;50;95;1.0;1.0;1.0;1.0;True;H;100.0;100.0;0.95;3600;3600;/dados/rmelo/PDPTW-SE/benchmark_multi_island_v5/official_experiments/mip_hexaly/set_02_pt_03/logs/form_melo_hx/outputs/csvresults_form_melo_hx.csv;/dados/rmelo/PDPTW-SE/benchmark_multi_island_v5/official_experiments/mip_hexaly/set_02_pt_03/logs/form_melo_hx/solutions/08R_08V_02I_03M/lr201_sol_genconfig_melo_hx.txt;/dados/rmelo/PDPTW-SE/benchmark_multi_island_v5/official_experiments/mip_hexaly/set_02_pt_03/logs/form_melo_hx/timelines/08R_08V_02I_03M/lr201_timeline_genconfig_melo_hx.txt;/dados/rmelo/PDPTW-SE/benchmark_multi_island_v5/official_experiments/mip_hexaly/set_02_pt_03/logs/form_melo_hx/gurobi/08R_08V_02I_03M/lr201_grb_genconfig_melo_hx.log;True;1-29;False;0.05;8;genconfig_melo_hx;HxSolutionStatus.FEASIBLE;0;1;0;948.09;442.13;107314247;3600;53.37;4454;4311;816;144;16;8;8;111;111;3240;0.25;0.67;1.0;0.87;0.93;0.29;0.66;0.47;0.05;0.03;0.02;0.06;0.14
lr202;08R_08V_02I_03M;t2;lr202_t2_08R_08V_02I_03M;46;8;[   0   70 1081 1071 1048 1038 1051 1027   14];/dados/rmelo/PDPTW-SE/benchmark_multi_island_v5/official_experiments/mip_hexaly/set_02_pt_03/../../../instances/orig_ams_fg/08R_08V_02I_04M/t2/lr202/;form;melo_hx;/dados/rmelo/PDPTW-SE/benchmark_multi_island_v5/official_experiments/mip_hexaly/set_02_pt_03/configs/genconfig_melo_hx.conf;tightest_tw;0;3;Gurobi;7200;1;0;-1;1;-1;0;False;/dados/rmelo/PDPTW-SE/benchmark_multi_island_v5/official_experiments/mip_hexaly/set_02_pt_03/logs/;0.0;0.5;False;0;0.2;1000000;0;0;0;M;60;M;60;30.0;0;50;95;1.0;1.0;1.0;1.0;True;H;100.0;100.0;0.95;3600;3600;/dados/rmelo/PDPTW-SE/benchmark_multi_island_v5/official_experiments/mip_hexaly/set_02_pt_03/logs/form_melo_hx/outputs/csvresults_form_melo_hx.csv;/dados/rmelo/PDPTW-SE/benchmark_multi_island_v5/official_experiments/mip_hexaly/set_02_pt_03/logs/form_melo_hx/solutions/08R_08V_02I_03M/lr202_sol_genconfig_melo_hx.txt;/dados/rmelo/PDPTW-SE/benchmark_multi_island_v5/official_experiments/mip_hexaly/set_02_pt_03/logs/form_melo_hx/timelines/08R_08V_02I_03M/lr202_timeline_genconfig_melo_hx.txt;/dados/rmelo/PDPTW-SE/benchmark_multi_island_v5/official_experiments/mip_hexaly/set_02_pt_03/logs/form_melo_hx/gurobi/08R_08V_02I_03M/lr202_grb_genconfig_melo_hx.log;True;1-29;False;0.05;8;genconfig_melo_hx;HxSolutionStatus.FEASIBLE;0;1;0;707.53;0.0;17107908;3600;100.0;20173;19886;1256;144;16;8;8;255;255;18231;0.38;1.0;0.78;0.42;0.55;0.1;0.43;0.24;0.03;0.02;0.01;0.01;0.01
lr203;08R_08V_02I_03M;t2;lr203_t2_08R_08V_02I_03M;34;8;[   0   52 1114 1104 1071 1061 1070 1019   10];/dados/rmelo/PDPTW-SE/benchmark_multi_island_v5/official_experiments/mip_hexaly/set_02_pt_03/../../../instances/orig_ams_fg/08R_08V_02I_04M/t2/lr203/;form;melo_hx;/dados/rmelo/PDPTW-SE/benchmark_multi_island_v5/official_experiments/mip_hexaly/set_02_pt_03/configs/genconfig_melo_hx.conf;tightest_tw;0;3;Gurobi;7200;1;0;-1;1;-1;0;False;/dados/rmelo/PDPTW-SE/benchmark_multi_island_v5/official_experiments/mip_hexaly/set_02_pt_03/logs/;0.0;0.5;False;0;0.2;1000000;0;0;0;M;60;M;60;30.0;0;50;95;1.0;1.0;1.0;1.0;True;H;100.0;100.0;0.95;3600;3600;/dados/rmelo/PDPTW-SE/benchmark_multi_island_v5/official_experiments/mip_hexaly/set_02_pt_03/logs/form_melo_hx/outputs/csvresults_form_melo_hx.csv;/dados/rmelo/PDPTW-SE/benchmark_multi_island_v5/official_experiments/mip_hexaly/set_02_pt_03/logs/form_melo_hx/solutions/08R_08V_02I_03M/lr203_sol_genconfig_melo_hx.txt;/dados/rmelo/PDPTW-SE/benchmark_multi_island_v5/official_experiments/mip_hexaly/set_02_pt_03/logs/form_melo_hx/timelines/08R_08V_02I_03M/lr203_timeline_genconfig_melo_hx.txt;/dados/rmelo/PDPTW-SE/benchmark_multi_island_v5/official_experiments/mip_hexaly/set_02_pt_03/logs/form_melo_hx/gurobi/08R_08V_02I_03M/lr203_grb_genconfig_melo_hx.log;True;1-29;False;0.05;8;genconfig_melo_hx;HxSolutionStatus.FEASIBLE;0;1;0;725.86;0.0;10019612;3600;100.0;31237;30893;1592;144;16;8;8;312;312;28845;0.38;1.0;1.0;0.24;0.52;0.06;0.54;0.24;0.02;0.01;0.01;0.01;0.01
lr204;08R_08V_02I_03M;t2;lr204_t2_08R_08V_02I_03M;38;8;[   0   58 1141 1131 1084 1074 1087 1027   14];/dados/rmelo/PDPTW-SE/benchmark_multi_island_v5/official_experiments/mip_hexaly/set_02_pt_03/../../../instances/orig_ams_fg/08R_08V_02I_04M/t2/lr204/;form;melo_hx;/dados/rmelo/PDPTW-SE/benchmark_multi_island_v5/official_experiments/mip_hexaly/set_02_pt_03/configs/genconfig_melo_hx.conf;tightest_tw;0;3;Gurobi;7200;1;0;-1;1;-1;0;False;/dados/rmelo/PDPTW-SE/benchmark_multi_island_v5/official_experiments/mip_hexaly/set_02_pt_03/logs/;0.0;0.5;False;0;0.2;1000000;0;0;0;M;60;M;60;30.0;0;50;95;1.0;1.0;1.0;1.0;True;H;100.0;100.0;0.95;3600;3600;/dados/rmelo/PDPTW-SE/benchmark_multi_island_v5/official_experiments/mip_hexaly/set_02_pt_03/logs/form_melo_hx/outputs/csvresults_form_melo_hx.csv;/dados/rmelo/PDPTW-SE/benchmark_multi_island_v5/official_experiments/mip_hexaly/set_02_pt_03/logs/form_melo_hx/solutions/08R_08V_02I_03M/lr204_sol_genconfig_melo_hx.txt;/dados/rmelo/PDPTW-SE/benchmark_multi_island_v5/official_experiments/mip_hexaly/set_02_pt_03/logs/form_melo_hx/timelines/08R_08V_02I_03M/lr204_timeline_genconfig_melo_hx.txt;/dados/rmelo/PDPTW-SE/benchmark_multi_island_v5/official_experiments/mip_hexaly/set_02_pt_03/logs/form_melo_hx/gurobi/08R_08V_02I_03M/lr204_grb_genconfig_melo_hx.log;True;1-29;False;0.05;8;genconfig_melo_hx;HxSolutionStatus.FEASIBLE;0;1;0;726.75;0.0;6210453;3600;100.0;44001;43606;1840;144;16;8;8;363;363;41259;0.25;0.67;0.85;0.73;0.79;0.31;0.42;0.36;0.02;0.01;0.01;0.0;0.01
lr205;08R_08V_02I_03M;t2;lr205_t2_08R_08V_02I_03M;52;8;[   0   79 1095 1085 1052 1042 1054 1026   14];/dados/rmelo/PDPTW-SE/benchmark_multi_island_v5/official_experiments/mip_hexaly/set_02_pt_03/../../../instances/orig_ams_fg/08R_08V_02I_04M/t2/lr205/;form;melo_hx;/dados/rmelo/PDPTW-SE/benchmark_multi_island_v5/official_experiments/mip_hexaly/set_02_pt_03/configs/genconfig_melo_hx.conf;tightest_tw;0;3;Gurobi;7200;1;0;-1;1;-1;0;False;/dados/rmelo/PDPTW-SE/benchmark_multi_island_v5/official_experiments/mip_hexaly/set_02_pt_03/logs/;0.0;0.5;False;0;0.2;1000000;0;0;0;M;60;M;60;30.0;0;50;95;1.0;1.0;1.0;1.0;True;H;100.0;100.0;0.95;3600;3600;/dados/rmelo/PDPTW-SE/benchmark_multi_island_v5/official_experiments/mip_hexaly/set_02_pt_03/logs/form_melo_hx/outputs/csvresults_form_melo_hx.csv;/dados/rmelo/PDPTW-SE/benchmark_multi_island_v5/official_experiments/mip_hexaly/set_02_pt_03/logs/form_melo_hx/solutions/08R_08V_02I_03M/lr205_sol_genconfig_melo_hx.txt;/dados/rmelo/PDPTW-SE/benchmark_multi_island_v5/official_experiments/mip_hexaly/set_02_pt_03/logs/form_melo_hx/timelines/08R_08V_02I_03M/lr205_timeline_genconfig_melo_hx.txt;/dados/rmelo/PDPTW-SE/benchmark_multi_island_v5/official_experiments/mip_hexaly/set_02_pt_03/logs/form_melo_hx/gurobi/08R_08V_02I_03M/lr205_grb_genconfig_melo_hx.log;True;1-29;False;0.05;8;genconfig_melo_hx;HxSolutionStatus.FEASIBLE;0;1;0;647.89;0.0;14368936;3600;100.0;17390;17121;1264;144;16;8;8;237;237;15476;0.25;0.67;0.88;0.85;0.87;0.13;0.52;0.32;0.03;0.02;0.01;0.0;0.0
lr201;08R_08V_04I_03M;t2;lr201_t2_08R_08V_04I_03M;52;8;[   0   79 1088 1078 1043 1033 1080 1096   49];/dados/rmelo/PDPTW-SE/benchmark_multi_island_v5/official_experiments/mip_hexaly/set_02_pt_03/../../../instances/orig_ams_fg/08R_08V_04I_04M/t2/lr201/;form;melo_hx;/dados/rmelo/PDPTW-SE/benchmark_multi_island_v5/official_experiments/mip_hexaly/set_02_pt_03/configs/genconfig_melo_hx.conf;tightest_tw;0;3;Gurobi;7200;1;0;-1;1;-1;0;False;/dados/rmelo/PDPTW-SE/benchmark_multi_island_v5/official_experiments/mip_hexaly/set_02_pt_03/logs/;0.0;0.5;False;0;0.2;1000000;0;0;0;M;60;M;60;30.0;0;50;95;1.0;1.0;1.0;1.0;True;H;100.0;100.0;0.95;3600;3600;/dados/rmelo/PDPTW-SE/benchmark_multi_island_v5/official_experiments/mip_hexaly/set_02_pt_03/logs/form_melo_hx/outputs/csvresults_form_melo_hx.csv;/dados/rmelo/PDPTW-SE/benchmark_multi_island_v5/official_experiments/mip_hexaly/set_02_pt_03/logs/form_melo_hx/solutions/08R_08V_04I_03M/lr201_sol_genconfig_melo_hx.txt;/dados/rmelo/PDPTW-SE/benchmark_multi_island_v5/official_experiments/mip_hexaly/set_02_pt_03/logs/form_melo_hx/timelines/08R_08V_04I_03M/lr201_timeline_genconfig_melo_hx.txt;/dados/rmelo/PDPTW-SE/benchmark_multi_island_v5/official_experiments/mip_hexaly/set_02_pt_03/logs/form_melo_hx/gurobi/08R_08V_04I_03M/lr201_grb_genconfig_melo_hx.log;True;1-29;False;0.05;8;genconfig_melo_hx;HxSolutionStatus.FEASIBLE;0;1;0;1024.13;0.0;25500640;3600;100.0;12252;12008;824;144;16;8;8;212;212;10828;0.25;1.0;1.0;0.87;0.93;0.3;0.72;0.51;0.13;0.09;0.05;0.03;0.16
lr202;08R_08V_04I_03M;t2;lr202_t2_08R_08V_04I_03M;46;8;[   0   70 1097 1087 1045 1035 1076 1082   42];/dados/rmelo/PDPTW-SE/benchmark_multi_island_v5/official_experiments/mip_hexaly/set_02_pt_03/../../../instances/orig_ams_fg/08R_08V_04I_04M/t2/lr202/;form;melo_hx;/dados/rmelo/PDPTW-SE/benchmark_multi_island_v5/official_experiments/mip_hexaly/set_02_pt_03/configs/genconfig_melo_hx.conf;tightest_tw;0;3;Gurobi;7200;1;0;-1;1;-1;0;False;/dados/rmelo/PDPTW-SE/benchmark_multi_island_v5/official_experiments/mip_hexaly/set_02_pt_03/logs/;0.0;0.5;False;0;0.2;1000000;0;0;0;M;60;M;60;30.0;0;50;95;1.0;1.0;1.0;1.0;True;H;100.0;100.0;0.95;3600;3600;/dados/rmelo/PDPTW-SE/benchmark_multi_island_v5/official_experiments/mip_hexaly/set_02_pt_03/logs/form_melo_hx/outputs/csvresults_form_melo_hx.csv;/dados/rmelo/PDPTW-SE/benchmark_multi_island_v5/official_experiments/mip_hexaly/set_02_pt_03/logs/form_melo_hx/solutions/08R_08V_04I_03M/lr202_sol_genconfig_melo_hx.txt;/dados/rmelo/PDPTW-SE/benchmark_multi_island_v5/official_experiments/mip_hexaly/set_02_pt_03/logs/form_melo_hx/timelines/08R_08V_04I_03M/lr202_timeline_genconfig_melo_hx.txt;/dados/rmelo/PDPTW-SE/benchmark_multi_island_v5/official_experiments/mip_hexaly/set_02_pt_03/logs/form_melo_hx/gurobi/08R_08V_04I_03M/lr202_grb_genconfig_melo_hx.log;True;1-29;False;0.05;8;genconfig_melo_hx;HxSolutionStatus.FEASIBLE;0;1;0;811.81;0.0;8754674;3600;100.0;39830;39430;1232;144;16;8;8;368;368;37686;0.38;1.0;0.95;0.53;0.72;0.1;0.48;0.27;0.15;0.08;0.07;0.0;0.01
lr203;08R_08V_04I_03M;t2;lr203_t2_08R_08V_04I_03M;34;8;[   0   52 1092 1082 1039 1029 1087 1118   60];/dados/rmelo/PDPTW-SE/benchmark_multi_island_v5/official_experiments/mip_hexaly/set_02_pt_03/../../../instances/orig_ams_fg/08R_08V_04I_04M/t2/lr203/;form;melo_hx;/dados/rmelo/PDPTW-SE/benchmark_multi_island_v5/official_experiments/mip_hexaly/set_02_pt_03/configs/genconfig_melo_hx.conf;tightest_tw;0;3;Gurobi;7200;1;0;-1;1;-1;0;False;/dados/rmelo/PDPTW-SE/benchmark_multi_island_v5/official_experiments/mip_hexaly/set_02_pt_03/logs/;0.0;0.5;False;0;0.2;1000000;0;0;0;M;60;M;60;30.0;0;50;95;1.0;1.0;1.0;1.0;True;H;100.0;100.0;0.95;3600;3600;/dados/rmelo/PDPTW-SE/benchmark_multi_island_v5/official_experiments/mip_hexaly/set_02_pt_03/logs/form_melo_hx/outputs/csvresults_form_melo_hx.csv;/dados/rmelo/PDPTW-SE/benchmark_multi_island_v5/official_experiments/mip_hexaly/set_02_pt_03/logs/form_melo_hx/solutions/08R_08V_04I_03M/lr203_sol_genconfig_melo_hx.txt;/dados/rmelo/PDPTW-SE/benchmark_multi_island_v5/official_experiments/mip_hexaly/set_02_pt_03/logs/form_melo_hx/timelines/08R_08V_04I_03M/lr203_timeline_genconfig_melo_hx.txt;/dados/rmelo/PDPTW-SE/benchmark_multi_island_v5/official_experiments/mip_hexaly/set_02_pt_03/logs/form_melo_hx/gurobi/08R_08V_04I_03M/lr203_grb_genconfig_melo_hx.log;True;1-29;False;0.05;8;genconfig_melo_hx;HxSolutionStatus.FEASIBLE;0;1;0;853.48;0.0;6937039;3600;100.0;50079;49645;1608;144;16;8;8;402;402;47491;0.25;1.0;0.91;0.59;0.75;0.07;0.78;0.43;0.16;0.1;0.06;0.03;0.01
lr204;08R_08V_04I_03M;t2;lr204_t2_08R_08V_04I_03M;38;8;[   0   58 1109 1099 1045 1035 1073 1078   40];/dados/rmelo/PDPTW-SE/benchmark_multi_island_v5/official_experiments/mip_hexaly/set_02_pt_03/../../../instances/orig_ams_fg/08R_08V_04I_04M/t2/lr204/;form;melo_hx;/dados/rmelo/PDPTW-SE/benchmark_multi_island_v5/official_experiments/mip_hexaly/set_02_pt_03/configs/genconfig_melo_hx.conf;tightest_tw;0;3;Gurobi;7200;1;0;-1;1;-1;0;False;/dados/rmelo/PDPTW-SE/benchmark_multi_island_v5/official_experiments/mip_hexaly/set_02_pt_03/logs/;0.0;0.5;False;0;0.2;1000000;0;0;0;M;60;M;60;30.0;0;50;95;1.0;1.0;1.0;1.0;True;H;100.0;100.0;0.95;3600;3600;/dados/rmelo/PDPTW-SE/benchmark_multi_island_v5/official_experiments/mip_hexaly/set_02_pt_03/logs/form_melo_hx/outputs/csvresults_form_melo_hx.csv;/dados/rmelo/PDPTW-SE/benchmark_multi_island_v5/official_experiments/mip_hexaly/set_02_pt_03/logs/form_melo_hx/solutions/08R_08V_04I_03M/lr204_sol_genconfig_melo_hx.txt;/dados/rmelo/PDPTW-SE/benchmark_multi_island_v5/official_experiments/mip_hexaly/set_02_pt_03/logs/form_melo_hx/timelines/08R_08V_04I_03M/lr204_timeline_genconfig_melo_hx.txt;/dados/rmelo/PDPTW-SE/benchmark_multi_island_v5/official_experiments/mip_hexaly/set_02_pt_03/logs/form_melo_hx/gurobi/08R_08V_04I_03M/lr204_grb_genconfig_melo_hx.log;True;1-29;False;0.05;8;genconfig_melo_hx;HxSolutionStatus.INFEASIBLE;0;0;1;4120.76;0.0;4489017;3600;inf;87125;86571;1848;144;16;8;8;522;522;84057;0.0;0.0;0.0;0.0;0.0;0.0;0.0;0.0;0.0;0.0;0.0;0.0;0.0
lr205;08R_08V_04I_03M;t2;lr205_t2_08R_08V_04I_03M;52;8;[   0   79 1079 1069 1041 1031 1067 1074   38];/dados/rmelo/PDPTW-SE/benchmark_multi_island_v5/official_experiments/mip_hexaly/set_02_pt_03/../../../instances/orig_ams_fg/08R_08V_04I_04M/t2/lr205/;form;melo_hx;/dados/rmelo/PDPTW-SE/benchmark_multi_island_v5/official_experiments/mip_hexaly/set_02_pt_03/configs/genconfig_melo_hx.conf;tightest_tw;0;3;Gurobi;7200;1;0;-1;1;-1;0;False;/dados/rmelo/PDPTW-SE/benchmark_multi_island_v5/official_experiments/mip_hexaly/set_02_pt_03/logs/;0.0;0.5;False;0;0.2;1000000;0;0;0;M;60;M;60;30.0;0;50;95;1.0;1.0;1.0;1.0;True;H;100.0;100.0;0.95;3600;3600;/dados/rmelo/PDPTW-SE/benchmark_multi_island_v5/official_experiments/mip_hexaly/set_02_pt_03/logs/form_melo_hx/outputs/csvresults_form_melo_hx.csv;/dados/rmelo/PDPTW-SE/benchmark_multi_island_v5/official_experiments/mip_hexaly/set_02_pt_03/logs/form_melo_hx/solutions/08R_08V_04I_03M/lr205_sol_genconfig_melo_hx.txt;/dados/rmelo/PDPTW-SE/benchmark_multi_island_v5/official_experiments/mip_hexaly/set_02_pt_03/logs/form_melo_hx/timelines/08R_08V_04I_03M/lr205_timeline_genconfig_melo_hx.txt;/dados/rmelo/PDPTW-SE/benchmark_multi_island_v5/official_experiments/mip_hexaly/set_02_pt_03/logs/form_melo_hx/gurobi/08R_08V_04I_03M/lr205_grb_genconfig_melo_hx.log;True;1-29;False;0.05;8;genconfig_melo_hx;HxSolutionStatus.FEASIBLE;0;1;0;708.96;0.0;5535816;3600;100.0;32855;32488;1288;144;16;8;8;335;335;30721;0.25;1.0;0.88;0.85;0.87;0.15;0.56;0.35;0.08;0.06;0.02;0.0;0.0
lr201;10R_10V_02I_03M;t2;lr201_t2_10R_10V_02I_03M;52;10;[   0   79 1102 1092 1061 1051 1061 1023   12];/dados/rmelo/PDPTW-SE/benchmark_multi_island_v5/official_experiments/mip_hexaly/set_02_pt_03/../../../instances/orig_ams_fg/10R_10V_02I_04M/t2/lr201/;form;melo_hx;/dados/rmelo/PDPTW-SE/benchmark_multi_island_v5/official_experiments/mip_hexaly/set_02_pt_03/configs/genconfig_melo_hx.conf;tightest_tw;0;3;Gurobi;7200;1;0;-1;1;-1;0;False;/dados/rmelo/PDPTW-SE/benchmark_multi_island_v5/official_experiments/mip_hexaly/set_02_pt_03/logs/;0.0;0.5;False;0;0.2;1000000;0;0;0;M;60;M;60;30.0;0;50;95;1.0;1.0;1.0;1.0;True;H;100.0;100.0;0.95;3600;3600;/dados/rmelo/PDPTW-SE/benchmark_multi_island_v5/official_experiments/mip_hexaly/set_02_pt_03/logs/form_melo_hx/outputs/csvresults_form_melo_hx.csv;/dados/rmelo/PDPTW-SE/benchmark_multi_island_v5/official_experiments/mip_hexaly/set_02_pt_03/logs/form_melo_hx/solutions/10R_10V_02I_03M/lr201_sol_genconfig_melo_hx.txt;/dados/rmelo/PDPTW-SE/benchmark_multi_island_v5/official_experiments/mip_hexaly/set_02_pt_03/logs/form_melo_hx/timelines/10R_10V_02I_03M/lr201_timeline_genconfig_melo_hx.txt;/dados/rmelo/PDPTW-SE/benchmark_multi_island_v5/official_experiments/mip_hexaly/set_02_pt_03/logs/form_melo_hx/gurobi/10R_10V_02I_03M/lr201_grb_genconfig_melo_hx.log;True;1-29;False;0.05;8;genconfig_melo_hx;HxSolutionStatus.FEASIBLE;0;1;0;1110.28;0.0;26995347;3600;100.0;12707;12466;1470;220;20;10;10;201;201;10575;0.2;1.0;1.0;0.87;0.93;0.26;0.85;0.56;0.05;0.03;0.02;0.0;0.07
lr202;10R_10V_02I_03M;t2;lr202_t2_10R_10V_02I_03M;46;10;[   0   70 1091 1081 1052 1042 1052 1022   12];/dados/rmelo/PDPTW-SE/benchmark_multi_island_v5/official_experiments/mip_hexaly/set_02_pt_03/../../../instances/orig_ams_fg/10R_10V_02I_04M/t2/lr202/;form;melo_hx;/dados/rmelo/PDPTW-SE/benchmark_multi_island_v5/official_experiments/mip_hexaly/set_02_pt_03/configs/genconfig_melo_hx.conf;tightest_tw;0;3;Gurobi;7200;1;0;-1;1;-1;0;False;/dados/rmelo/PDPTW-SE/benchmark_multi_island_v5/official_experiments/mip_hexaly/set_02_pt_03/logs/;0.0;0.5;False;0;0.2;1000000;0;0;0;M;60;M;60;30.0;0;50;95;1.0;1.0;1.0;1.0;True;H;100.0;100.0;0.95;3600;3600;/dados/rmelo/PDPTW-SE/benchmark_multi_island_v5/official_experiments/mip_hexaly/set_02_pt_03/logs/form_melo_hx/outputs/csvresults_form_melo_hx.csv;/dados/rmelo/PDPTW-SE/benchmark_multi_island_v5/official_experiments/mip_hexaly/set_02_pt_03/logs/form_melo_hx/solutions/10R_10V_02I_03M/lr202_sol_genconfig_melo_hx.txt;/dados/rmelo/PDPTW-SE/benchmark_multi_island_v5/official_experiments/mip_hexaly/set_02_pt_03/logs/form_melo_hx/timelines/10R_10V_02I_03M/lr202_timeline_genconfig_melo_hx.txt;/dados/rmelo/PDPTW-SE/benchmark_multi_island_v5/official_experiments/mip_hexaly/set_02_pt_03/logs/form_melo_hx/gurobi/10R_10V_02I_03M/lr202_grb_genconfig_melo_hx.log;True;1-29;False;0.05;8;genconfig_melo_hx;HxSolutionStatus.FEASIBLE;0;1;0;983.77;0.0;10232579;3600;100.0;35918;35538;2530;220;20;10;10;340;340;32448;0.5;1.0;0.93;0.28;0.57;0.09;0.46;0.2;0.03;0.02;0.01;0.0;0.05
lr203;10R_10V_02I_03M;t2;lr203_t2_10R_10V_02I_03M;58;10;[   0   88 1114 1104 1071 1061 1070 1019   10];/dados/rmelo/PDPTW-SE/benchmark_multi_island_v5/official_experiments/mip_hexaly/set_02_pt_03/../../../instances/orig_ams_fg/10R_10V_02I_04M/t2/lr203/;form;melo_hx;/dados/rmelo/PDPTW-SE/benchmark_multi_island_v5/official_experiments/mip_hexaly/set_02_pt_03/configs/genconfig_melo_hx.conf;tightest_tw;0;3;Gurobi;7200;1;0;-1;1;-1;0;False;/dados/rmelo/PDPTW-SE/benchmark_multi_island_v5/official_experiments/mip_hexaly/set_02_pt_03/logs/;0.0;0.5;False;0;0.2;1000000;0;0;0;M;60;M;60;30.0;0;50;95;1.0;1.0;1.0;1.0;True;H;100.0;100.0;0.95;3600;3600;/dados/rmelo/PDPTW-SE/benchmark_multi_island_v5/official_experiments/mip_hexaly/set_02_pt_03/logs/form_melo_hx/outputs/csvresults_form_melo_hx.csv;/dados/rmelo/PDPTW-SE/benchmark_multi_island_v5/official_experiments/mip_hexaly/set_02_pt_03/logs/form_melo_hx/solutions/10R_10V_02I_03M/lr203_sol_genconfig_melo_hx.txt;/dados/rmelo/PDPTW-SE/benchmark_multi_island_v5/official_experiments/mip_hexaly/set_02_pt_03/logs/form_melo_hx/timelines/10R_10V_02I_03M/lr203_timeline_genconfig_melo_hx.txt;/dados/rmelo/PDPTW-SE/benchmark_multi_island_v5/official_experiments/mip_hexaly/set_02_pt_03/logs/form_melo_hx/gurobi/10R_10V_02I_03M/lr203_grb_genconfig_melo_hx.log;True;1-29;False;0.05;8;genconfig_melo_hx;HxSolutionStatus.FEASIBLE;0;1;0;849.35;0.0;4941768;3601;100.0;79008;78470;3190;220;20;10;10;498;498;74562;0.2;0.67;0.86;0.76;0.81;0.2;0.65;0.42;0.02;0.02;0.01;0.0;0.12
lr204;10R_10V_02I_03M;t2;lr204_t2_10R_10V_02I_03M;38;10;[   0   58 1100 1090 1054 1044 1055 1024   13];/dados/rmelo/PDPTW-SE/benchmark_multi_island_v5/official_experiments/mip_hexaly/set_02_pt_03/../../../instances/orig_ams_fg/10R_10V_02I_04M/t2/lr204/;form;melo_hx;/dados/rmelo/PDPTW-SE/benchmark_multi_island_v5/official_experiments/mip_hexaly/set_02_pt_03/configs/genconfig_melo_hx.conf;tightest_tw;0;3;Gurobi;7200;1;0;-1;1;-1;0;False;/dados/rmelo/PDPTW-SE/benchmark_multi_island_v5/official_experiments/mip_hexaly/set_02_pt_03/logs/;0.0;0.5;False;0;0.2;1000000;0;0;0;M;60;M;60;30.0;0;50;95;1.0;1.0;1.0;1.0;True;H;100.0;100.0;0.95;3600;3600;/dados/rmelo/PDPTW-SE/benchmark_multi_island_v5/official_experiments/mip_hexaly/set_02_pt_03/logs/form_melo_hx/outputs/csvresults_form_melo_hx.csv;/dados/rmelo/PDPTW-SE/benchmark_multi_island_v5/official_experiments/mip_hexaly/set_02_pt_03/logs/form_melo_hx/solutions/10R_10V_02I_03M/lr204_sol_genconfig_melo_hx.txt;/dados/rmelo/PDPTW-SE/benchmark_multi_island_v5/official_experiments/mip_hexaly/set_02_pt_03/logs/form_melo_hx/timelines/10R_10V_02I_03M/lr204_timeline_genconfig_melo_hx.txt;/dados/rmelo/PDPTW-SE/benchmark_multi_island_v5/official_experiments/mip_hexaly/set_02_pt_03/logs/form_melo_hx/gurobi/10R_10V_02I_03M/lr204_grb_genconfig_melo_hx.log;True;1-29;False;0.05;8;genconfig_melo_hx;HxSolutionStatus.FEASIBLE;0;1;0;936.13;0.0;2423635;3600;100.0;117027;116393;3730;220;20;10;10;594;594;111849;0.3;1.0;0.95;0.58;0.75;0.25;0.4;0.31;0.03;0.03;0.01;0.0;0.0
lr205;10R_10V_02I_03M;t2;lr205_t2_10R_10V_02I_03M;52;10;[   0   79 1093 1083 1052 1042 1053 1024   13];/dados/rmelo/PDPTW-SE/benchmark_multi_island_v5/official_experiments/mip_hexaly/set_02_pt_03/../../../instances/orig_ams_fg/10R_10V_02I_04M/t2/lr205/;form;melo_hx;/dados/rmelo/PDPTW-SE/benchmark_multi_island_v5/official_experiments/mip_hexaly/set_02_pt_03/configs/genconfig_melo_hx.conf;tightest_tw;0;3;Gurobi;7200;1;0;-1;1;-1;0;False;/dados/rmelo/PDPTW-SE/benchmark_multi_island_v5/official_experiments/mip_hexaly/set_02_pt_03/logs/;0.0;0.5;False;0;0.2;1000000;0;0;0;M;60;M;60;30.0;0;50;95;1.0;1.0;1.0;1.0;True;H;100.0;100.0;0.95;3600;3600;/dados/rmelo/PDPTW-SE/benchmark_multi_island_v5/official_experiments/mip_hexaly/set_02_pt_03/logs/form_melo_hx/outputs/csvresults_form_melo_hx.csv;/dados/rmelo/PDPTW-SE/benchmark_multi_island_v5/official_experiments/mip_hexaly/set_02_pt_03/logs/form_melo_hx/solutions/10R_10V_02I_03M/lr205_sol_genconfig_melo_hx.txt;/dados/rmelo/PDPTW-SE/benchmark_multi_island_v5/official_experiments/mip_hexaly/set_02_pt_03/logs/form_melo_hx/timelines/10R_10V_02I_03M/lr205_timeline_genconfig_melo_hx.txt;/dados/rmelo/PDPTW-SE/benchmark_multi_island_v5/official_experiments/mip_hexaly/set_02_pt_03/logs/form_melo_hx/gurobi/10R_10V_02I_03M/lr205_grb_genconfig_melo_hx.log;True;1-29;False;0.05;8;genconfig_melo_hx;HxSolutionStatus.FEASIBLE;0;1;0;893.87;0.0;11983235;3600;100.0;35066;34693;2410;220;20;10;10;333;333;31730;0.4;1.0;1.0;0.47;0.66;0.09;0.48;0.22;0.02;0.01;0.01;0.0;0.03
lr201;10R_10V_04I_03M;t2;lr201_t2_10R_10V_04I_03M;52;10;[   0   79 1083 1073 1043 1033 1057 1050   26];/dados/rmelo/PDPTW-SE/benchmark_multi_island_v5/official_experiments/mip_hexaly/set_02_pt_03/../../../instances/orig_ams_fg/10R_10V_04I_04M/t2/lr201/;form;melo_hx;/dados/rmelo/PDPTW-SE/benchmark_multi_island_v5/official_experiments/mip_hexaly/set_02_pt_03/configs/genconfig_melo_hx.conf;tightest_tw;0;3;Gurobi;7200;1;0;-1;1;-1;0;False;/dados/rmelo/PDPTW-SE/benchmark_multi_island_v5/official_experiments/mip_hexaly/set_02_pt_03/logs/;0.0;0.5;False;0;0.2;1000000;0;0;0;M;60;M;60;30.0;0;50;95;1.0;1.0;1.0;1.0;True;H;100.0;100.0;0.95;3600;3600;/dados/rmelo/PDPTW-SE/benchmark_multi_island_v5/official_experiments/mip_hexaly/set_02_pt_03/logs/form_melo_hx/outputs/csvresults_form_melo_hx.csv;/dados/rmelo/PDPTW-SE/benchmark_multi_island_v5/official_experiments/mip_hexaly/set_02_pt_03/logs/form_melo_hx/solutions/10R_10V_04I_03M/lr201_sol_genconfig_melo_hx.txt;/dados/rmelo/PDPTW-SE/benchmark_multi_island_v5/official_experiments/mip_hexaly/set_02_pt_03/logs/form_melo_hx/timelines/10R_10V_04I_03M/lr201_timeline_genconfig_melo_hx.txt;/dados/rmelo/PDPTW-SE/benchmark_multi_island_v5/official_experiments/mip_hexaly/set_02_pt_03/logs/form_melo_hx/gurobi/10R_10V_04I_03M/lr201_grb_genconfig_melo_hx.log;True;1-29;False;0.05;8;genconfig_melo_hx;HxSolutionStatus.FEASIBLE;0;1;0;1371.36;0.0;11441703;3600;100.0;28174;27812;1480;220;20;10;10;322;322;25790;0.4;1.0;0.87;0.16;0.48;0.07;0.69;0.34;0.12;0.06;0.06;0.02;0.16
lr202;10R_10V_04I_03M;t2;lr202_t2_10R_10V_04I_03M;46;10;[   0   70 1094 1084 1043 1033 1075 1086   44];/dados/rmelo/PDPTW-SE/benchmark_multi_island_v5/official_experiments/mip_hexaly/set_02_pt_03/../../../instances/orig_ams_fg/10R_10V_04I_04M/t2/lr202/;form;melo_hx;/dados/rmelo/PDPTW-SE/benchmark_multi_island_v5/official_experiments/mip_hexaly/set_02_pt_03/configs/genconfig_melo_hx.conf;tightest_tw;0;3;Gurobi;7200;1;0;-1;1;-1;0;False;/dados/rmelo/PDPTW-SE/benchmark_multi_island_v5/official_experiments/mip_hexaly/set_02_pt_03/logs/;0.0;0.5;False;0;0.2;1000000;0;0;0;M;60;M;60;30.0;0;50;95;1.0;1.0;1.0;1.0;True;H;100.0;100.0;0.95;3600;3600;/dados/rmelo/PDPTW-SE/benchmark_multi_island_v5/official_experiments/mip_hexaly/set_02_pt_03/logs/form_melo_hx/outputs/csvresults_form_melo_hx.csv;/dados/rmelo/PDPTW-SE/benchmark_multi_island_v5/official_experiments/mip_hexaly/set_02_pt_03/logs/form_melo_hx/solutions/10R_10V_04I_03M/lr202_sol_genconfig_melo_hx.txt;/dados/rmelo/PDPTW-SE/benchmark_multi_island_v5/official_experiments/mip_hexaly/set_02_pt_03/logs/form_melo_hx/timelines/10R_10V_04I_03M/lr202_timeline_genconfig_melo_hx.txt;/dados/rmelo/PDPTW-SE/benchmark_multi_island_v5/official_experiments/mip_hexaly/set_02_pt_03/logs/form_melo_hx/gurobi/10R_10V_04I_03M/lr202_grb_genconfig_melo_hx.log;True;1-29;False;0.05;8;genconfig_melo_hx;HxSolutionStatus.FEASIBLE;0;1;0;1100.98;0.0;4412179;3600;100.0;91651;91046;2440;220;20;10;10;565;565;87821;0.3;1.0;0.95;0.63;0.74;0.2;0.65;0.37;0.22;0.13;0.09;0.01;0.01
lr203;10R_10V_04I_03M;t2;lr203_t2_10R_10V_04I_03M;58;10;[   0   88 1097 1087 1041 1031 1090 1121   61];/dados/rmelo/PDPTW-SE/benchmark_multi_island_v5/official_experiments/mip_hexaly/set_02_pt_03/../../../instances/orig_ams_fg/10R_10V_04I_04M/t2/lr203/;form;melo_hx;/dados/rmelo/PDPTW-SE/benchmark_multi_island_v5/official_experiments/mip_hexaly/set_02_pt_03/configs/genconfig_melo_hx.conf;tightest_tw;0;3;Gurobi;7200;1;0;-1;1;-1;0;False;/dados/rmelo/PDPTW-SE/benchmark_multi_island_v5/official_experiments/mip_hexaly/set_02_pt_03/logs/;0.0;0.5;False;0;0.2;1000000;0;0;0;M;60;M;60;30.0;0;50;95;1.0;1.0;1.0;1.0;True;H;100.0;100.0;0.95;3600;3600;/dados/rmelo/PDPTW-SE/benchmark_multi_island_v5/official_experiments/mip_hexaly/set_02_pt_03/logs/form_melo_hx/outputs/csvresults_form_melo_hx.csv;/dados/rmelo/PDPTW-SE/benchmark_multi_island_v5/official_experiments/mip_hexaly/set_02_pt_03/logs/form_melo_hx/solutions/10R_10V_04I_03M/lr203_sol_genconfig_melo_hx.txt;/dados/rmelo/PDPTW-SE/benchmark_multi_island_v5/official_experiments/mip_hexaly/set_02_pt_03/logs/form_melo_hx/timelines/10R_10V_04I_03M/lr203_timeline_genconfig_melo_hx.txt;/dados/rmelo/PDPTW-SE/benchmark_multi_island_v5/official_experiments/mip_hexaly/set_02_pt_03/logs/form_melo_hx/gurobi/10R_10V_04I_03M/lr203_grb_genconfig_melo_hx.log;True;1-29;False;0.05;8;genconfig_melo_hx;HxSolutionStatus.FEASIBLE;0;1;0;919.89;0.0;3252276;3600;100.0;149588;148850;3220;220;20;10;10;698;698;144712;0.2;1.0;0.97;0.81;0.89;0.26;0.66;0.46;0.08;0.05;0.04;0.0;0.08
lr204;10R_10V_04I_03M;t2;lr204_t2_10R_10V_04I_03M;38;10;[   0   58 1094 1084 1051 1041 1074 1069   35];/dados/rmelo/PDPTW-SE/benchmark_multi_island_v5/official_experiments/mip_hexaly/set_02_pt_03/../../../instances/orig_ams_fg/10R_10V_04I_04M/t2/lr204/;form;melo_hx;/dados/rmelo/PDPTW-SE/benchmark_multi_island_v5/official_experiments/mip_hexaly/set_02_pt_03/configs/genconfig_melo_hx.conf;tightest_tw;0;3;Gurobi;7200;1;0;-1;1;-1;0;False;/dados/rmelo/PDPTW-SE/benchmark_multi_island_v5/official_experiments/mip_hexaly/set_02_pt_03/logs/;0.0;0.5;False;0;0.2;1000000;0;0;0;M;60;M;60;30.0;0;50;95;1.0;1.0;1.0;1.0;True;H;100.0;100.0;0.95;3600;3600;/dados/rmelo/PDPTW-SE/benchmark_multi_island_v5/official_experiments/mip_hexaly/set_02_pt_03/logs/form_melo_hx/outputs/csvresults_form_melo_hx.csv;/dados/rmelo/PDPTW-SE/benchmark_multi_island_v5/official_experiments/mip_hexaly/set_02_pt_03/logs/form_melo_hx/solutions/10R_10V_04I_03M/lr204_sol_genconfig_melo_hx.txt;/dados/rmelo/PDPTW-SE/benchmark_multi_island_v5/official_experiments/mip_hexaly/set_02_pt_03/logs/form_melo_hx/timelines/10R_10V_04I_03M/lr204_timeline_genconfig_melo_hx.txt;/dados/rmelo/PDPTW-SE/benchmark_multi_island_v5/official_experiments/mip_hexaly/set_02_pt_03/logs/form_melo_hx/gurobi/10R_10V_04I_03M/lr204_grb_genconfig_melo_hx.log;True;1-29;False;0.05;8;genconfig_melo_hx;HxSolutionStatus.INFEASIBLE;0;0;1;409.03;0.0;2110564;3665;inf;210920;210073;3730;220;20;10;10;807;807;205316;0.0;0.0;0.0;0.0;0.0;0.0;0.0;0.0;0.0;0.0;0.0;0.0;0.0
lr205;10R_10V_04I_03M;t2;lr205_t2_10R_10V_04I_03M;52;10;[   0   79 1083 1073 1044 1034 1068 1069   35];/dados/rmelo/PDPTW-SE/benchmark_multi_island_v5/official_experiments/mip_hexaly/set_02_pt_03/../../../instances/orig_ams_fg/10R_10V_04I_04M/t2/lr205/;form;melo_hx;/dados/rmelo/PDPTW-SE/benchmark_multi_island_v5/official_experiments/mip_hexaly/set_02_pt_03/configs/genconfig_melo_hx.conf;tightest_tw;0;3;Gurobi;7200;1;0;-1;1;-1;0;False;/dados/rmelo/PDPTW-SE/benchmark_multi_island_v5/official_experiments/mip_hexaly/set_02_pt_03/logs/;0.0;0.5;False;0;0.2;1000000;0;0;0;M;60;M;60;30.0;0;50;95;1.0;1.0;1.0;1.0;True;H;100.0;100.0;0.95;3600;3600;/dados/rmelo/PDPTW-SE/benchmark_multi_island_v5/official_experiments/mip_hexaly/set_02_pt_03/logs/form_melo_hx/outputs/csvresults_form_melo_hx.csv;/dados/rmelo/PDPTW-SE/benchmark_multi_island_v5/official_experiments/mip_hexaly/set_02_pt_03/logs/form_melo_hx/solutions/10R_10V_04I_03M/lr205_sol_genconfig_melo_hx.txt;/dados/rmelo/PDPTW-SE/benchmark_multi_island_v5/official_experiments/mip_hexaly/set_02_pt_03/logs/form_melo_hx/timelines/10R_10V_04I_03M/lr205_timeline_genconfig_melo_hx.txt;/dados/rmelo/PDPTW-SE/benchmark_multi_island_v5/official_experiments/mip_hexaly/set_02_pt_03/logs/form_melo_hx/gurobi/10R_10V_04I_03M/lr205_grb_genconfig_melo_hx.log;True;1-29;False;0.05;8;genconfig_melo_hx;HxSolutionStatus.FEASIBLE;0;1;0;987.42;0.0;5158451;3600;100.0;69220;68686;2380;220;20;10;10;494;494;65592;0.3;1.0;0.88;0.69;0.77;0.13;0.51;0.33;0.15;0.09;0.05;0.0;0.02
lr201;12R_12V_02I_03M;t2;lr201_t2_12R_12V_02I_03M;52;12;[   0   79 1115 1105 1061 1051 1061 1023   12];/dados/rmelo/PDPTW-SE/benchmark_multi_island_v5/official_experiments/mip_hexaly/set_02_pt_03/../../../instances/orig_ams_fg/12R_12V_02I_04M/t2/lr201/;form;melo_hx;/dados/rmelo/PDPTW-SE/benchmark_multi_island_v5/official_experiments/mip_hexaly/set_02_pt_03/configs/genconfig_melo_hx.conf;tightest_tw;0;3;Gurobi;7200;1;0;-1;1;-1;0;False;/dados/rmelo/PDPTW-SE/benchmark_multi_island_v5/official_experiments/mip_hexaly/set_02_pt_03/logs/;0.0;0.5;False;0;0.2;1000000;0;0;0;M;60;M;60;30.0;0;50;95;1.0;1.0;1.0;1.0;True;H;100.0;100.0;0.95;3600;3600;/dados/rmelo/PDPTW-SE/benchmark_multi_island_v5/official_experiments/mip_hexaly/set_02_pt_03/logs/form_melo_hx/outputs/csvresults_form_melo_hx.csv;/dados/rmelo/PDPTW-SE/benchmark_multi_island_v5/official_experiments/mip_hexaly/set_02_pt_03/logs/form_melo_hx/solutions/12R_12V_02I_03M/lr201_sol_genconfig_melo_hx.txt;/dados/rmelo/PDPTW-SE/benchmark_multi_island_v5/official_experiments/mip_hexaly/set_02_pt_03/logs/form_melo_hx/timelines/12R_12V_02I_03M/lr201_timeline_genconfig_melo_hx.txt;/dados/rmelo/PDPTW-SE/benchmark_multi_island_v5/official_experiments/mip_hexaly/set_02_pt_03/logs/form_melo_hx/gurobi/12R_12V_02I_03M/lr201_grb_genconfig_melo_hx.log;True;1-29;False;0.05;8;genconfig_melo_hx;HxSolutionStatus.FEASIBLE;0;1;0;1456.41;0.0;17754570;3600;100.0;25073;24734;2616;312;24;12;12;291;291;21515;0.25;1.0;0.88;0.73;0.82;0.2;0.7;0.49;0.04;0.03;0.02;0.12;0.21
lr202;12R_12V_02I_03M;t2;lr202_t2_12R_12V_02I_03M;46;12;[   0   70 1091 1081 1061 1051 1061 1022   12];/dados/rmelo/PDPTW-SE/benchmark_multi_island_v5/official_experiments/mip_hexaly/set_02_pt_03/../../../instances/orig_ams_fg/12R_12V_02I_04M/t2/lr202/;form;melo_hx;/dados/rmelo/PDPTW-SE/benchmark_multi_island_v5/official_experiments/mip_hexaly/set_02_pt_03/configs/genconfig_melo_hx.conf;tightest_tw;0;3;Gurobi;7200;1;0;-1;1;-1;0;False;/dados/rmelo/PDPTW-SE/benchmark_multi_island_v5/official_experiments/mip_hexaly/set_02_pt_03/logs/;0.0;0.5;False;0;0.2;1000000;0;0;0;M;60;M;60;30.0;0;50;95;1.0;1.0;1.0;1.0;True;H;100.0;100.0;0.95;3600;3600;/dados/rmelo/PDPTW-SE/benchmark_multi_island_v5/official_experiments/mip_hexaly/set_02_pt_03/logs/form_melo_hx/outputs/csvresults_form_melo_hx.csv;/dados/rmelo/PDPTW-SE/benchmark_multi_island_v5/official_experiments/mip_hexaly/set_02_pt_03/logs/form_melo_hx/solutions/12R_12V_02I_03M/lr202_sol_genconfig_melo_hx.txt;/dados/rmelo/PDPTW-SE/benchmark_multi_island_v5/official_experiments/mip_hexaly/set_02_pt_03/logs/form_melo_hx/timelines/12R_12V_02I_03M/lr202_timeline_genconfig_melo_hx.txt;/dados/rmelo/PDPTW-SE/benchmark_multi_island_v5/official_experiments/mip_hexaly/set_02_pt_03/logs/form_melo_hx/gurobi/12R_12V_02I_03M/lr202_grb_genconfig_melo_hx.log;True;1-29;False;0.05;8;genconfig_melo_hx;HxSolutionStatus.FEASIBLE;0;1;0;1157.15;0.0;4174225;3600;100.0;102882;102258;4644;312;24;12;12;576;576;96726;0.25;1.0;1.0;0.61;0.79;0.18;0.73;0.39;0.04;0.03;0.01;0.02;0.1
lr203;12R_12V_02I_03M;t2;lr203_t2_12R_12V_02I_03M;58;12;[   0   88 1143 1133 1081 1071 1080 1020   11];/dados/rmelo/PDPTW-SE/benchmark_multi_island_v5/official_experiments/mip_hexaly/set_02_pt_03/../../../instances/orig_ams_fg/12R_12V_02I_04M/t2/lr203/;form;melo_hx;/dados/rmelo/PDPTW-SE/benchmark_multi_island_v5/official_experiments/mip_hexaly/set_02_pt_03/configs/genconfig_melo_hx.conf;tightest_tw;0;3;Gurobi;7200;1;0;-1;1;-1;0;False;/dados/rmelo/PDPTW-SE/benchmark_multi_island_v5/official_experiments/mip_hexaly/set_02_pt_03/logs/;0.0;0.5;False;0;0.2;1000000;0;0;0;M;60;M;60;30.0;0;50;95;1.0;1.0;1.0;1.0;True;H;100.0;100.0;0.95;3600;3600;/dados/rmelo/PDPTW-SE/benchmark_multi_island_v5/official_experiments/mip_hexaly/set_02_pt_03/logs/form_melo_hx/outputs/csvresults_form_melo_hx.csv;/dados/rmelo/PDPTW-SE/benchmark_multi_island_v5/official_experiments/mip_hexaly/set_02_pt_03/logs/form_melo_hx/solutions/12R_12V_02I_03M/lr203_sol_genconfig_melo_hx.txt;/dados/rmelo/PDPTW-SE/benchmark_multi_island_v5/official_experiments/mip_hexaly/set_02_pt_03/logs/form_melo_hx/timelines/12R_12V_02I_03M/lr203_timeline_genconfig_melo_hx.txt;/dados/rmelo/PDPTW-SE/benchmark_multi_island_v5/official_experiments/mip_hexaly/set_02_pt_03/logs/form_melo_hx/gurobi/12R_12V_02I_03M/lr203_grb_genconfig_melo_hx.log;True;1-29;False;0.05;8;genconfig_melo_hx;HxSolutionStatus.FEASIBLE;0;1;0;1467.47;0.0;3518622;3602;100.0;126936;126252;5052;312;24;12;12;636;636;120252;0.25;1.0;0.89;0.64;0.8;0.35;0.72;0.49;0.05;0.03;0.02;0.07;0.03
lr204;12R_12V_02I_03M;t2;lr204_t2_12R_12V_02I_03M;38;12;[   0   58 1103 1093 1060 1050 1060 1023   12];/dados/rmelo/PDPTW-SE/benchmark_multi_island_v5/official_experiments/mip_hexaly/set_02_pt_03/../../../instances/orig_ams_fg/12R_12V_02I_04M/t2/lr204/;form;melo_hx;/dados/rmelo/PDPTW-SE/benchmark_multi_island_v5/official_experiments/mip_hexaly/set_02_pt_03/configs/genconfig_melo_hx.conf;tightest_tw;0;3;Gurobi;7200;1;0;-1;1;-1;0;False;/dados/rmelo/PDPTW-SE/benchmark_multi_island_v5/official_experiments/mip_hexaly/set_02_pt_03/logs/;0.0;0.5;False;0;0.2;1000000;0;0;0;M;60;M;60;30.0;0;50;95;1.0;1.0;1.0;1.0;True;H;100.0;100.0;0.95;3600;3600;/dados/rmelo/PDPTW-SE/benchmark_multi_island_v5/official_experiments/mip_hexaly/set_02_pt_03/logs/form_melo_hx/outputs/csvresults_form_melo_hx.csv;/dados/rmelo/PDPTW-SE/benchmark_multi_island_v5/official_experiments/mip_hexaly/set_02_pt_03/logs/form_melo_hx/solutions/12R_12V_02I_03M/lr204_sol_genconfig_melo_hx.txt;/dados/rmelo/PDPTW-SE/benchmark_multi_island_v5/official_experiments/mip_hexaly/set_02_pt_03/logs/form_melo_hx/timelines/12R_12V_02I_03M/lr204_timeline_genconfig_melo_hx.txt;/dados/rmelo/PDPTW-SE/benchmark_multi_island_v5/official_experiments/mip_hexaly/set_02_pt_03/logs/form_melo_hx/gurobi/12R_12V_02I_03M/lr204_grb_genconfig_melo_hx.log;True;1-29;False;0.05;8;genconfig_melo_hx;HxSolutionStatus.INFEASIBLE;0;0;1;5604.5;0.0;2236035;3617;inf;236541;235650;6564;312;24;12;12;843;843;227931;0.0;0.0;0.0;0.0;0.0;0.0;0.0;0.0;0.0;0.0;0.0;0.0;0.0
lr205;12R_12V_02I_03M;t2;lr205_t2_12R_12V_02I_03M;58;12;[   0   88 1097 1087 1056 1046 1059 1027   14];/dados/rmelo/PDPTW-SE/benchmark_multi_island_v5/official_experiments/mip_hexaly/set_02_pt_03/../../../instances/orig_ams_fg/12R_12V_02I_04M/t2/lr205/;form;melo_hx;/dados/rmelo/PDPTW-SE/benchmark_multi_island_v5/official_experiments/mip_hexaly/set_02_pt_03/configs/genconfig_melo_hx.conf;tightest_tw;0;3;Gurobi;7200;1;0;-1;1;-1;0;False;/dados/rmelo/PDPTW-SE/benchmark_multi_island_v5/official_experiments/mip_hexaly/set_02_pt_03/logs/;0.0;0.5;False;0;0.2;1000000;0;0;0;M;60;M;60;30.0;0;50;95;1.0;1.0;1.0;1.0;True;H;100.0;100.0;0.95;3600;3600;/dados/rmelo/PDPTW-SE/benchmark_multi_island_v5/official_experiments/mip_hexaly/set_02_pt_03/logs/form_melo_hx/outputs/csvresults_form_melo_hx.csv;/dados/rmelo/PDPTW-SE/benchmark_multi_island_v5/official_experiments/mip_hexaly/set_02_pt_03/logs/form_melo_hx/solutions/12R_12V_02I_03M/lr205_sol_genconfig_melo_hx.txt;/dados/rmelo/PDPTW-SE/benchmark_multi_island_v5/official_experiments/mip_hexaly/set_02_pt_03/logs/form_melo_hx/timelines/12R_12V_02I_03M/lr205_timeline_genconfig_melo_hx.txt;/dados/rmelo/PDPTW-SE/benchmark_multi_island_v5/official_experiments/mip_hexaly/set_02_pt_03/logs/form_melo_hx/gurobi/12R_12V_02I_03M/lr205_grb_genconfig_melo_hx.log;True;1-29;False;0.05;8;genconfig_melo_hx;HxSolutionStatus.FEASIBLE;0;1;0;1173.24;0.0;5775628;3600;100.0;86733;86153;4308;312;24;12;12;532;532;81001;0.17;1.0;0.95;0.77;0.86;0.53;0.64;0.59;0.04;0.02;0.01;0.01;0.06
lr201;12R_12V_04I_03M;t2;lr201_t2_12R_12V_04I_03M;52;12;[   0   79 1088 1078 1043 1033 1073 1082   42];/dados/rmelo/PDPTW-SE/benchmark_multi_island_v5/official_experiments/mip_hexaly/set_02_pt_03/../../../instances/orig_ams_fg/12R_12V_04I_04M/t2/lr201/;form;melo_hx;/dados/rmelo/PDPTW-SE/benchmark_multi_island_v5/official_experiments/mip_hexaly/set_02_pt_03/configs/genconfig_melo_hx.conf;tightest_tw;0;3;Gurobi;7200;1;0;-1;1;-1;0;False;/dados/rmelo/PDPTW-SE/benchmark_multi_island_v5/official_experiments/mip_hexaly/set_02_pt_03/logs/;0.0;0.5;False;0;0.2;1000000;0;0;0;M;60;M;60;30.0;0;50;95;1.0;1.0;1.0;1.0;True;H;100.0;100.0;0.95;3600;3600;/dados/rmelo/PDPTW-SE/benchmark_multi_island_v5/official_experiments/mip_hexaly/set_02_pt_03/logs/form_melo_hx/outputs/csvresults_form_melo_hx.csv;/dados/rmelo/PDPTW-SE/benchmark_multi_island_v5/official_experiments/mip_hexaly/set_02_pt_03/logs/form_melo_hx/solutions/12R_12V_04I_03M/lr201_sol_genconfig_melo_hx.txt;/dados/rmelo/PDPTW-SE/benchmark_multi_island_v5/official_experiments/mip_hexaly/set_02_pt_03/logs/form_melo_hx/timelines/12R_12V_04I_03M/lr201_timeline_genconfig_melo_hx.txt;/dados/rmelo/PDPTW-SE/benchmark_multi_island_v5/official_experiments/mip_hexaly/set_02_pt_03/logs/form_melo_hx/gurobi/12R_12V_04I_03M/lr201_grb_genconfig_melo_hx.log;True;1-29;False;0.05;8;genconfig_melo_hx;HxSolutionStatus.FEASIBLE;0;1;0;1544.45;0.0;8464514;3600;100.0;54280;53776;2604;312;24;12;12;456;456;50404;0.42;1.0;0.88;0.16;0.64;0.07;0.56;0.31;0.2;0.1;0.1;0.06;0.2
lr202;12R_12V_04I_03M;t2;lr202_t2_12R_12V_04I_03M;46;12;[   0   70 1086 1076 1045 1035 1073 1079   40];/dados/rmelo/PDPTW-SE/benchmark_multi_island_v5/official_experiments/mip_hexaly/set_02_pt_03/../../../instances/orig_ams_fg/12R_12V_04I_04M/t2/lr202/;form;melo_hx;/dados/rmelo/PDPTW-SE/benchmark_multi_island_v5/official_experiments/mip_hexaly/set_02_pt_03/configs/genconfig_melo_hx.conf;tightest_tw;0;3;Gurobi;7200;1;0;-1;1;-1;0;False;/dados/rmelo/PDPTW-SE/benchmark_multi_island_v5/official_experiments/mip_hexaly/set_02_pt_03/logs/;0.0;0.5;False;0;0.2;1000000;0;0;0;M;60;M;60;30.0;0;50;95;1.0;1.0;1.0;1.0;True;H;100.0;100.0;0.95;3600;3600;/dados/rmelo/PDPTW-SE/benchmark_multi_island_v5/official_experiments/mip_hexaly/set_02_pt_03/logs/form_melo_hx/outputs/csvresults_form_melo_hx.csv;/dados/rmelo/PDPTW-SE/benchmark_multi_island_v5/official_experiments/mip_hexaly/set_02_pt_03/logs/form_melo_hx/solutions/12R_12V_04I_03M/lr202_sol_genconfig_melo_hx.txt;/dados/rmelo/PDPTW-SE/benchmark_multi_island_v5/official_experiments/mip_hexaly/set_02_pt_03/logs/form_melo_hx/timelines/12R_12V_04I_03M/lr202_timeline_genconfig_melo_hx.txt;/dados/rmelo/PDPTW-SE/benchmark_multi_island_v5/official_experiments/mip_hexaly/set_02_pt_03/logs/form_melo_hx/gurobi/12R_12V_04I_03M/lr202_grb_genconfig_melo_hx.log;True;1-29;False;0.05;8;genconfig_melo_hx;HxSolutionStatus.INFEASIBLE;0;0;1;10148.55;0.0;2791059;3602;inf;188972;188123;4548;312;24;12;12;801;801;182462;0.0;0.0;0.0;0.0;0.0;0.0;0.0;0.0;0.0;0.0;0.0;0.0;0.0
lr203;12R_12V_04I_03M;t2;lr203_t2_12R_12V_04I_03M;58;12;[   0   88 1101 1091 1047 1037 1089 1105   53];/dados/rmelo/PDPTW-SE/benchmark_multi_island_v5/official_experiments/mip_hexaly/set_02_pt_03/../../../instances/orig_ams_fg/12R_12V_04I_04M/t2/lr203/;form;melo_hx;/dados/rmelo/PDPTW-SE/benchmark_multi_island_v5/official_experiments/mip_hexaly/set_02_pt_03/configs/genconfig_melo_hx.conf;tightest_tw;0;3;Gurobi;7200;1;0;-1;1;-1;0;False;/dados/rmelo/PDPTW-SE/benchmark_multi_island_v5/official_experiments/mip_hexaly/set_02_pt_03/logs/;0.0;0.5;False;0;0.2;1000000;0;0;0;M;60;M;60;30.0;0;50;95;1.0;1.0;1.0;1.0;True;H;100.0;100.0;0.95;3600;3600;/dados/rmelo/PDPTW-SE/benchmark_multi_island_v5/official_experiments/mip_hexaly/set_02_pt_03/logs/form_melo_hx/outputs/csvresults_form_melo_hx.csv;/dados/rmelo/PDPTW-SE/benchmark_multi_island_v5/official_experiments/mip_hexaly/set_02_pt_03/logs/form_melo_hx/solutions/12R_12V_04I_03M/lr203_sol_genconfig_melo_hx.txt;/dados/rmelo/PDPTW-SE/benchmark_multi_island_v5/official_experiments/mip_hexaly/set_02_pt_03/logs/form_melo_hx/timelines/12R_12V_04I_03M/lr203_timeline_genconfig_melo_hx.txt;/dados/rmelo/PDPTW-SE/benchmark_multi_island_v5/official_experiments/mip_hexaly/set_02_pt_03/logs/form_melo_hx/gurobi/12R_12V_04I_03M/lr203_grb_genconfig_melo_hx.log;True;1-29;False;0.05;8;genconfig_melo_hx;HxSolutionStatus.INFEASIBLE;0;0;1;8836.52;0.0;1817964;3603;inf;257202;256230;5220;312;24;12;12;924;924;249774;0.0;0.0;0.0;0.0;0.0;0.0;0.0;0.0;0.0;0.0;0.0;0.0;0.0
lr204;12R_12V_04I_03M;t2;lr204_t2_12R_12V_04I_03M;38;12;[   0   58 1103 1093 1053 1043 1081 1077   39];/dados/rmelo/PDPTW-SE/benchmark_multi_island_v5/official_experiments/mip_hexaly/set_02_pt_03/../../../instances/orig_ams_fg/12R_12V_04I_04M/t2/lr204/;form;melo_hx;/dados/rmelo/PDPTW-SE/benchmark_multi_island_v5/official_experiments/mip_hexaly/set_02_pt_03/configs/genconfig_melo_hx.conf;tightest_tw;0;3;Gurobi;7200;1;0;-1;1;-1;0;False;/dados/rmelo/PDPTW-SE/benchmark_multi_island_v5/official_experiments/mip_hexaly/set_02_pt_03/logs/;0.0;0.5;False;0;0.2;1000000;0;0;0;M;60;M;60;30.0;0;50;95;1.0;1.0;1.0;1.0;True;H;100.0;100.0;0.95;3600;3600;/dados/rmelo/PDPTW-SE/benchmark_multi_island_v5/official_experiments/mip_hexaly/set_02_pt_03/logs/form_melo_hx/outputs/csvresults_form_melo_hx.csv;/dados/rmelo/PDPTW-SE/benchmark_multi_island_v5/official_experiments/mip_hexaly/set_02_pt_03/logs/form_melo_hx/solutions/12R_12V_04I_03M/lr204_sol_genconfig_melo_hx.txt;/dados/rmelo/PDPTW-SE/benchmark_multi_island_v5/official_experiments/mip_hexaly/set_02_pt_03/logs/form_melo_hx/timelines/12R_12V_04I_03M/lr204_timeline_genconfig_melo_hx.txt;/dados/rmelo/PDPTW-SE/benchmark_multi_island_v5/official_experiments/mip_hexaly/set_02_pt_03/logs/form_melo_hx/gurobi/12R_12V_04I_03M/lr204_grb_genconfig_melo_hx.log;True;1-29;False;0.05;8;genconfig_melo_hx;HxSolutionStatus.INFEASIBLE;0;0;1;3098.51;0.0;1711250;3600;inf;520773;519462;6564;312;24;12;12;1263;1263;511323;0.0;0.0;0.0;0.0;0.0;0.0;0.0;0.0;0.0;0.0;0.0;0.0;0.0
lr205;12R_12V_04I_03M;t2;lr205_t2_12R_12V_04I_03M;58;12;[   0   88 1087 1077 1041 1031 1076 1091   46];/dados/rmelo/PDPTW-SE/benchmark_multi_island_v5/official_experiments/mip_hexaly/set_02_pt_03/../../../instances/orig_ams_fg/12R_12V_04I_04M/t2/lr205/;form;melo_hx;/dados/rmelo/PDPTW-SE/benchmark_multi_island_v5/official_experiments/mip_hexaly/set_02_pt_03/configs/genconfig_melo_hx.conf;tightest_tw;0;3;Gurobi;7200;1;0;-1;1;-1;0;False;/dados/rmelo/PDPTW-SE/benchmark_multi_island_v5/official_experiments/mip_hexaly/set_02_pt_03/logs/;0.0;0.5;False;0;0.2;1000000;0;0;0;M;60;M;60;30.0;0;50;95;1.0;1.0;1.0;1.0;True;H;100.0;100.0;0.95;3600;3600;/dados/rmelo/PDPTW-SE/benchmark_multi_island_v5/official_experiments/mip_hexaly/set_02_pt_03/logs/form_melo_hx/outputs/csvresults_form_melo_hx.csv;/dados/rmelo/PDPTW-SE/benchmark_multi_island_v5/official_experiments/mip_hexaly/set_02_pt_03/logs/form_melo_hx/solutions/12R_12V_04I_03M/lr205_sol_genconfig_melo_hx.txt;/dados/rmelo/PDPTW-SE/benchmark_multi_island_v5/official_experiments/mip_hexaly/set_02_pt_03/logs/form_melo_hx/timelines/12R_12V_04I_03M/lr205_timeline_genconfig_melo_hx.txt;/dados/rmelo/PDPTW-SE/benchmark_multi_island_v5/official_experiments/mip_hexaly/set_02_pt_03/logs/form_melo_hx/gurobi/12R_12V_04I_03M/lr205_grb_genconfig_melo_hx.log;True;1-29;False;0.05;8;genconfig_melo_hx;HxSolutionStatus.FEASIBLE;0;1;0;1273.31;0.0;2997236;3600;100.0;156082;155289;4236;312;24;12;12;745;745;149996;0.25;1.0;0.97;0.61;0.84;0.24;0.58;0.42;0.21;0.13;0.08;0.02;0.09
